Loan_ID,First Name,Last Name,Address,City,State,Zip,Gender,Married,Dependents,Education,Self_Employed,ApplicantIncome,CoapplicantIncome,LoanAmount,LoanTerm,Credit_History,Property_Area,Loan_Status,
LP001003,Kevyn,Sweeney,Ap #612-7721 Sit St.,Joliet,IL,98578,Male,Yes,1,Graduate,No,4583,1508,128000,360,1,Rural,N,128000
LP001005,Sigourney,Herrera,Ap #600-1880 Molestie. Avenue,Metairie,LA,33407,Male,Yes,0,Graduate,Yes,3000,0,66000,360,1,Urban,Y,66000
LP001006,Jeanette,Joseph,3948 Cursus Ave,Milwaukee,WI,64310,Male,Yes,0,Not Graduate,No,2583,2358,120000,360,1,Urban,Y,120000
LP001008,Carol,Coleman,2902 Felis St.,Auburn,ME,14098,Male,No,0,Graduate,No,6000,0,141000,360,1,Urban,Y,141000
LP001011,Wallace,Spencer,7318 Dui Rd.,Sioux City,IA,57752,Male,Yes,2,Graduate,Yes,5417,4196,267000,360,1,Urban,Y,267000
LP001013,Marsden,Mcfadden,"P.O. Box 142, 6544 Purus Rd.",Salem,OR,61289,Male,Yes,0,Not Graduate,No,2333,1516,95000,360,1,Urban,Y,95000
LP001014,Adria,Patrick,702-2647 Interdum. St.,Oklahoma City,OK,43870,Male,Yes,3+,Graduate,No,3036,2504,158000,360,0,Semiurban,N,158000
LP001018,Signe,Vance,Ap #687-1154 Dolor Street,New Orleans,LA,95631,Male,Yes,2,Graduate,No,4006,1526,168000,360,1,Urban,Y,168000
LP001020,Caleb,Leon,4516 Feugiat St.,Warren,MI,35114,Male,Yes,1,Graduate,No,12841,10968,349000,360,1,Semiurban,N,349000
LP001024,Delilah,Goff,114-3454 Sed Rd.,Olathe,KS,57977,Male,Yes,2,Graduate,No,3200,700,70000,360,1,Urban,Y,70000
LP001027,Wilma,Wynn,"781-7536 Eget, Road",Honolulu,HI,29981,Male,Yes,2,Graduate,,2500,1840,109000,360,1,Urban,Y,109000
LP001028,Trevor,Finch,"Ap #703-9016 Urna, Avenue",Annapolis,MD,92038,Male,Yes,2,Graduate,No,3073,8106,200000,360,1,Urban,Y,200000
LP001029,Jordan,Gallegos,Ap #433-2178 Erat. Road,New Orleans,LA,62793,Male,No,0,Graduate,No,1853,2840,114000,360,1,Rural,N,114000
LP001032,Bevis,Kane,"P.O. Box 184, 3680 Hendrerit Street",Omaha,NE,77627,Male,No,0,Graduate,No,4950,0,125000,360,1,Urban,Y,125000
LP001036,Prescott,Hodges,410-9089 Eget Rd.,Salt Lake City,UT,23138,Female,No,0,Graduate,No,3510,0,76000,360,0,Urban,N,76000
LP001038,Candice,Frank,811-3382 Nulla Ave,Davenport,IA,93212,Male,Yes,0,Not Graduate,No,4887,0,133000,360,1,Rural,N,133000
LP001041,Melvin,Haley,8394 Ut Street,Columbus,GA,97023,Male,Yes,0,Graduate,,2600,3500,115000,360,1,Urban,Y,115000
LP001043,Jacob,Barron,"P.O. Box 207, 1225 Duis Av.",Chandler,AZ,85593,Male,Yes,0,Not Graduate,No,7660,0,104000,360,0,Urban,N,104000
LP001046,Amity,Preston,596 Ac Rd.,New Haven,CT,21588,Male,Yes,1,Graduate,No,5955,5625,315000,360,1,Urban,Y,315000
LP001047,Marcia,Hurst,7306 Sed St.,Clarksville,TN,76223,Male,Yes,0,Not Graduate,No,2600,1911,116000,360,0,Semiurban,N,116000
LP001050,Mara,Gonzales,4789 Augue Street,Covington,KY,20753,,Yes,2,Not Graduate,No,3365,1917,112000,360,0,Rural,N,112000
LP001066,Vaughan,Blevins,"Ap #498-6604 Ac, Rd.",Kearney,NE,61880,Male,Yes,0,Graduate,Yes,9560,0,191000,360,1,Semiurban,Y,191000
LP001068,Kelly,Mitchell,"P.O. Box 174, 7133 Natoque Av.",Helena,MT,33751,Male,Yes,0,Graduate,No,2799,2253,122000,360,1,Semiurban,Y,122000
LP001073,Griffin,Hurst,7582 Donec St.,Fort Wayne,IN,84600,Male,Yes,2,Not Graduate,No,4226,1040,110000,360,1,Urban,Y,110000
LP001086,Martin,Conrad,"P.O. Box 831, 7582 Elit Rd.",Fort Wayne,IN,28800,Male,No,0,Not Graduate,No,1442,0,35000,360,1,Urban,N,35000
LP001087,Russell,Ward,"P.O. Box 907, 5256 Magna. Rd.",Bellevue,NE,35426,Female,No,2,Graduate,,3750,2083,120000,360,1,Semiurban,Y,120000
LP001095,Yen,Gray,5715 In Av.,Lawton,OK,71192,Male,No,0,Graduate,No,3167,0,74000,360,1,Urban,N,74000
LP001097,Drew,Green,Ap #566-9851 Enim. Road,Racine,WI,97368,Male,No,1,Graduate,Yes,4692,0,106000,360,1,Rural,N,106000
LP001098,Wang,Benton,"P.O. Box 241, 219 Lobortis Ave",Dover,DE,52938,Male,Yes,0,Graduate,No,3500,1667,114000,360,1,Semiurban,Y,114000
LP001100,Timothy,Gallegos,"117-8367 Elit, Rd.",Jacksonville,FL,59170,Male,No,3+,Graduate,No,12500,3000,320000,360,1,Rural,N,320000
LP001109,Alana,Pittman,3697 Proin Av.,Racine,WI,53130,Male,Yes,0,Graduate,No,1828,1330,100000,360,0,Urban,N,100000
LP001112,Damon,Mcknight,"P.O. Box 524, 447 Non, St.",Kansas City,KS,28167,Female,Yes,0,Graduate,No,3667,1459,144000,360,1,Semiurban,Y,144000
LP001114,Clayton,Dawson,Ap #409-8121 Cras St.,Houston,TX,74682,Male,No,0,Graduate,No,4166,7210,184000,360,1,Urban,Y,184000
LP001116,Oscar,Bowen,382-645 Dolor Street,Omaha,NE,23368,Male,No,0,Not Graduate,No,3748,1668,110000,360,1,Semiurban,Y,110000
LP001119,Susan,Mcfarland,3854 At St.,Chattanooga,TN,36167,Male,No,0,Graduate,No,3600,0,80000,360,1,Urban,N,80000
LP001120,Kuame,Woodard,849-297 Faucibus Road,Duluth,MN,24179,Male,No,0,Graduate,No,1800,1213,47000,360,1,Urban,Y,47000
LP001131,Cassady,Livingston,2211 Ac Avenue,Fort Smith,AR,71034,Male,Yes,0,Graduate,No,3941,2336,134000,360,1,Semiurban,Y,134000
LP001136,Veronica,Schmidt,571 Tincidunt Rd.,Minneapolis,MN,44522,Male,Yes,0,Not Graduate,Yes,4695,0,96000,360,1,Urban,Y,96000
LP001137,Shelly,Wilder,"P.O. Box 825, 8299 Ligula. Ave",Gaithersburg,MD,24430,Female,No,0,Graduate,No,3410,0,88000,360,1,Urban,Y,88000
LP001138,Nissim,Blevins,"P.O. Box 653, 2846 In Av.",Fresno,CA,95847,Male,Yes,1,Graduate,No,5649,0,44000,360,1,Urban,Y,44000
LP001144,Preston,Bonner,"P.O. Box 305, 2267 Vel Av.",Des Moines,IA,17870,Male,Yes,0,Graduate,No,5821,0,144000,360,1,Urban,Y,144000
LP001146,Xenos,Shepard,"P.O. Box 281, 6619 Velit Rd.",Biloxi,MS,82130,Female,Yes,0,Graduate,No,2645,3440,120000,360,0,Urban,N,120000
LP001151,Hedy,Jackson,"P.O. Box 818, 5397 Morbi Ave",Pike Creek,DE,67451,Female,No,0,Graduate,No,4000,2275,144000,360,1,Semiurban,Y,144000
LP001155,Kai,Dillard,557-3454 Libero. Av.,Lexington,KY,25487,Female,Yes,0,Not Graduate,No,1928,1644,100000,360,1,Semiurban,Y,100000
LP001157,Quamar,Greer,"P.O. Box 304, 1022 Rhoncus. Ave",Annapolis,MD,28433,Female,No,0,Graduate,No,3086,0,120000,360,1,Semiurban,Y,120000
LP001164,Chadwick,Porter,8127 Cursus Av.,Honolulu,HI,38400,Female,No,0,Graduate,No,4230,0,112000,360,1,Semiurban,N,112000
LP001179,Fulton,Cabrera,"P.O. Box 628, 5748 Tristique Av.",Atlanta,GA,95699,Male,Yes,2,Graduate,No,4616,0,134000,360,1,Urban,N,134000
LP001186,Sarah,Guthrie,535-6705 Maecenas Rd.,Honolulu,HI,28173,Female,Yes,1,Graduate,Yes,11500,0,286000,360,0,Urban,N,286000
LP001194,Fletcher,Cortez,"P.O. Box 362, 4471 Cursus Rd.",Saint Louis,MO,59238,Male,Yes,2,Graduate,No,2708,1167,97000,360,1,Semiurban,Y,97000
LP001195,Jena,Kaufman,"P.O. Box 381, 9489 Aliquam Rd.",Rockford,IL,75531,Male,Yes,0,Graduate,No,2132,1591,96000,360,1,Semiurban,Y,96000
LP001197,Hamish,Good,6904 Arcu Avenue,Henderson,NV,15489,Male,Yes,0,Graduate,No,3366,2200,135000,360,1,Rural,N,135000
LP001198,McKenzie,Eaton,"P.O. Box 654, 3466 Pharetra. Road",Topeka,KS,17594,Male,Yes,1,Graduate,No,8080,2250,180000,360,1,Urban,Y,180000
LP001199,Griffin,Huffman,"P.O. Box 161, 1086 Ac Road",Auburn,ME,61494,Male,Yes,2,Not Graduate,No,3357,2859,144000,360,1,Urban,Y,144000
LP001205,Kaitlin,Rodriquez,865-9624 Quisque Rd.,Carson City,NV,17486,Male,Yes,0,Graduate,No,2500,3796,120000,360,1,Urban,Y,120000
LP001206,Jonah,Charles,"P.O. Box 383, 2743 Montes, Av.",Milwaukee,WI,36695,Male,Yes,3+,Graduate,No,3029,0,99000,360,1,Urban,Y,99000
LP001207,Montana,Turner,Ap #521-6794 Quis St.,Bellevue,WA,48062,Male,Yes,0,Not Graduate,Yes,2609,3449,165000,180,0,Rural,N,165000
LP001222,Erica,Adkins,376-666 Risus Road,Salt Lake City,UT,24716,Female,No,0,Graduate,No,4166,0,116000,360,0,Semiurban,N,116000
LP001225,Abraham,Hansen,"P.O. Box 482, 2375 Sit St.",Vancouver,WA,91405,Male,Yes,0,Graduate,No,5726,4595,258000,360,1,Semiurban,N,258000
LP001228,Iris,Gallegos,793-2035 Ullamcorper Avenue,Eugene,OR,77679,Male,No,0,Not Graduate,No,3200,2254,126000,180,0,Urban,N,126000
LP001233,Roanna,Hughes,8768 Purus Rd.,Juneau,AK,99821,Male,Yes,1,Graduate,No,10750,0,312000,360,1,Urban,Y,312000
LP001241,Dai,Duncan,9689 Malesuada. Av.,Springfield,IL,11495,Female,No,0,Graduate,No,4300,0,136000,360,0,Semiurban,N,136000
LP001243,Jamal,Gillespie,Ap #394-1201 Rutrum Rd.,Idaho Falls,ID,16987,Male,Yes,0,Graduate,No,3208,3066,172000,360,1,Urban,Y,172000
LP001245,Kimberley,Forbes,659-9484 Donec Avenue,Wyoming,WY,48805,Male,Yes,2,Not Graduate,Yes,1875,1875,97000,360,1,Semiurban,Y,97000
LP001248,Yolanda,Cox,"P.O. Box 348, 3183 Sociosqu Rd.",Colorado Springs,CO,98766,Male,No,0,Graduate,No,3500,0,81000,300,1,Semiurban,Y,81000
LP001250,Ciaran,Curtis,"P.O. Box 445, 9809 At St.",Fort Collins,CO,55071,Male,Yes,3+,Not Graduate,No,4755,0,95000,360,0,Semiurban,N,95000
LP001253,Reese,Gutierrez,"P.O. Box 858, 9531 Libero St.",Jackson,MS,42132,Male,Yes,3+,Graduate,Yes,5266,1774,187000,360,1,Semiurban,Y,187000
LP001255,Geraldine,Dillard,8207 Eget St.,Saint Paul,MN,47025,Male,No,0,Graduate,No,3750,0,113000,480,1,Urban,N,113000
LP001256,Vernon,Gilliam,Ap #142-7576 Elit Street,Philadelphia,PA,15035,Male,No,0,Graduate,No,3750,4750,176000,360,1,Urban,N,176000
LP001259,Warren,Hurley,Ap #506-7706 Turpis St.,Waterbury,CT,96602,Male,Yes,1,Graduate,Yes,1000,3022,110000,360,1,Urban,N,110000
LP001263,Emerald,Brock,8934 Dignissim Rd.,Laramie,WY,97060,Male,Yes,3+,Graduate,No,3167,4000,180000,300,0,Semiurban,N,180000
LP001265,Jemima,Mason,"P.O. Box 954, 227 Luctus St.",Green Bay,WI,84458,Female,No,0,Graduate,No,3846,0,111000,360,1,Semiurban,Y,111000
LP001267,Beau,Ayala,Ap #577-5489 Tempus Road,Houston,TX,34411,Female,Yes,2,Graduate,No,1378,1881,167000,360,1,Urban,N,167000
LP001275,Wyatt,Flynn,4066 Duis Av.,Wilmington,DE,56815,Male,Yes,1,Graduate,No,3988,0,50000,240,1,Urban,Y,50000
LP001279,Azalia,Bartlett,6164 Malesuada St.,Nashville,TN,33732,Male,No,0,Graduate,No,2366,2531,136000,360,1,Semiurban,Y,136000
LP001282,Odessa,Dillard,Ap #699-3679 Turpis Rd.,Joliet,IL,84029,Male,Yes,0,Graduate,No,2500,2118,104000,360,1,Semiurban,Y,104000
LP001289,Jaquelyn,Sherman,5934 Leo. Rd.,North Las Vegas,NV,35001,Male,No,0,Graduate,No,8566,0,210000,360,1,Urban,Y,210000
LP001310,TaShya,Rice,408-1013 Nisl Road,Springfield,IL,90146,Male,Yes,0,Graduate,No,5695,4167,175000,360,1,Semiurban,Y,175000
LP001316,Chiquita,Gilliam,Ap #980-6492 Auctor Av.,Juneau,AK,99674,Male,Yes,0,Graduate,No,2958,2900,131000,360,1,Semiurban,Y,131000
LP001318,Cailin,Lindsay,615-7967 Maecenas St.,Minneapolis,MN,38081,Male,Yes,2,Graduate,No,6250,5654,188000,180,1,Semiurban,Y,188000
LP001319,Kibo,Giles,"P.O. Box 139, 1119 Scelerisque, Ave",New Orleans,LA,61298,Male,Yes,2,Not Graduate,No,3273,1820,81000,360,1,Urban,Y,81000
LP001322,Ila,Oneal,Ap #925-4590 Elit. Av.,Ketchikan,AK,99514,Male,No,0,Graduate,No,4133,0,122000,360,1,Semiurban,Y,122000
LP001327,Len,Hinton,Ap #131-2114 Nibh. St.,Hartford,CT,46049,Female,Yes,0,Graduate,No,2484,2302,137000,360,1,Semiurban,Y,137000
LP001333,Howard,Carver,4765 Mauris Rd.,Norfolk,VA,87320,Male,Yes,0,Graduate,No,1977,997,50000,360,1,Semiurban,Y,50000
LP001334,Lionel,Raymond,"Ap #132-7564 Nec, St.",Portland,OR,56711,Male,Yes,0,Not Graduate,No,4188,0,115000,180,1,Semiurban,Y,115000
LP001343,Christen,Pruitt,"504-1821 Id, Street",Lansing,MI,35958,Male,Yes,0,Graduate,No,1759,3541,131000,360,1,Semiurban,Y,131000
LP001345,Candice,Gentry,733-2592 Id Road,Stamford,CT,63016,Male,Yes,2,Not Graduate,No,4288,3263,133000,180,1,Urban,Y,133000
LP001349,Connor,Walker,689-1562 Scelerisque Road,Cedar Rapids,IA,23234,Male,No,0,Graduate,No,4843,3806,151000,360,1,Semiurban,Y,151000
LP001357,Lareina,Langley,846-3046 Cursus St.,Orlando,FL,38145,Male,,,Graduate,No,3816,754,160000,360,1,Urban,Y,160000
LP001367,Mariam,Waller,614-8539 Erat St.,Knoxville,TN,94743,Male,Yes,1,Graduate,No,3052,1030,100000,360,1,Urban,Y,100000
LP001369,Aquila,Hoffman,"P.O. Box 593, 8066 Sodales Ave",Richmond,VA,90756,Male,Yes,2,Graduate,No,11417,1126,225000,360,1,Urban,Y,225000
LP001370,Lance,Morgan,Ap #544-1615 Augue. St.,Fayetteville,AR,72161,Male,No,0,Not Graduate,,7333,0,120000,360,1,Rural,N,120000
LP001379,Tatiana,Battle,"P.O. Box 962, 4175 Vestibulum. Rd.",Iowa City,IA,60411,Male,Yes,2,Graduate,No,3800,3600,216000,360,0,Urban,N,216000
LP001384,Molly,Oliver,831-5457 Donec Avenue,Kaneohe,HI,82230,Male,Yes,3+,Not Graduate,No,2071,754,94000,480,1,Semiurban,Y,94000
LP001385,Colleen,Short,Ap #279-8064 Parturient St.,Henderson,NV,26627,Male,No,0,Graduate,No,5316,0,136000,360,1,Urban,Y,136000
LP001387,Emi,Bolton,Ap #906-2207 Pretium Street,Jackson,MS,90150,Female,Yes,0,Graduate,,2929,2333,139000,360,1,Semiurban,Y,139000
LP001391,Driscoll,Dean,4248 Cras Rd.,Georgia,GA,29828,Male,Yes,0,Not Graduate,No,3572,4114,152000,360,0,Rural,N,152000
LP001398,Branden,Reese,"P.O. Box 498, 9314 Accumsan Rd.",South Bend,IN,18700,Male,No,0,Graduate,,5050,0,118000,360,1,Semiurban,Y,118000
LP001401,Keane,Mcknight,"Ap #601-363 A, Rd.",Chandler,AZ,86647,Male,Yes,1,Graduate,No,14583,0,185000,180,1,Rural,Y,185000
LP001404,Chanda,Gallegos,289-4578 Et Street,Fairbanks,AK,99959,Female,Yes,0,Graduate,No,3167,2283,154000,360,1,Semiurban,Y,154000
LP001421,Adena,Emerson,"P.O. Box 298, 4003 Euismod Av.",Dover,DE,40653,Male,Yes,0,Graduate,No,5568,2142,175000,360,1,Rural,N,175000
LP001422,Gareth,Terrell,"P.O. Box 370, 9653 Lorem St.",Fayetteville,AR,72447,Female,No,0,Graduate,No,10408,0,259000,360,1,Urban,Y,259000
LP001426,Mufutau,Larsen,Ap #883-6084 Commodo Rd.,Mobile,AL,36109,Male,Yes,,Graduate,No,5667,2667,180000,360,1,Rural,Y,180000
LP001430,Tamara,Schneider,Ap #195-7249 Iaculis Avenue,Gulfport,MS,21928,Female,No,0,Graduate,No,4166,0,44000,360,1,Semiurban,Y,44000
LP001431,Joel,Hood,Ap #881-3065 Lorem St.,Overland Park,KS,61915,Female,No,0,Graduate,No,2137,8980,137000,360,0,Semiurban,Y,137000
LP001432,Rashad,Livingston,7003 Magnis St.,Worcester,MA,88447,Male,Yes,2,Graduate,No,2957,0,81000,360,1,Semiurban,Y,81000
LP001439,Wade,Quinn,302-9095 Facilisis Rd.,West Jordan,UT,96326,Male,Yes,0,Not Graduate,No,4300,2014,194000,360,1,Rural,Y,194000
LP001448,Yael,Velazquez,486-8988 Ultrices. St.,Colorado Springs,CO,75807,,Yes,3+,Graduate,No,23803,0,370000,360,1,Rural,Y,370000
LP001451,Regan,Black,Ap #819-8749 Lectus Road,Lewiston,ME,37527,Male,Yes,1,Graduate,Yes,10513,3850,160000,180,0,Urban,N,160000
LP001473,Jameson,Todd,852-1279 Sollicitudin Avenue,Overland Park,KS,90117,Male,No,0,Graduate,No,2014,1929,74000,360,1,Urban,Y,74000
LP001478,Margaret,Bullock,"P.O. Box 322, 769 Elit, Rd.",Aurora,CO,91685,Male,No,0,Graduate,No,2718,0,70000,360,1,Semiurban,Y,70000
LP001487,Josiah,Ramirez,Ap #694-3744 Lobortis Avenue,Dover,DE,30371,Male,No,0,Graduate,No,4895,0,102000,360,1,Semiurban,Y,102000
LP001488,Byron,Preston,258 Commodo St.,St. Petersburg,FL,14518,Male,Yes,3+,Graduate,No,4000,7750,290000,360,1,Semiurban,N,290000
LP001489,Yasir,Riley,"P.O. Box 320, 6655 At, Road",Denver,CO,36930,Female,Yes,0,Graduate,No,4583,0,84000,360,1,Rural,N,84000
LP001491,Anjolie,Harrington,"P.O. Box 880, 4425 Ac Street",Lewiston,ME,44797,Male,Yes,2,Graduate,Yes,3316,3500,88000,360,1,Urban,Y,88000
LP001492,Mark,Mcmahon,Ap #807-5249 Mauris Avenue,Rockville,MD,71560,Male,No,0,Graduate,No,14999,0,242000,360,0,Semiurban,N,242000
LP001493,TaShya,Mcgee,"555-3028 Sem, Rd.",Reading,PA,62904,Male,Yes,2,Not Graduate,No,4200,1430,129000,360,1,Rural,N,129000
LP001497,Kay,Gallagher,Ap #685-6232 Cras Av.,Rock Springs,WY,40409,Male,Yes,2,Graduate,No,5042,2083,185000,360,1,Rural,N,185000
LP001498,Micah,Craig,"5933 Lorem, St.",Tallahassee,FL,41987,Male,No,0,Graduate,No,5417,0,168000,360,1,Urban,Y,168000
LP001504,Yvette,Crawford,2467 Nulla. St.,Newark,DE,57120,Male,No,0,Graduate,Yes,6950,0,175000,180,1,Semiurban,Y,175000
LP001507,Andrew,Mack,485-4828 Eros Avenue,Orlando,FL,84446,Male,Yes,0,Graduate,No,2698,2034,122000,360,1,Semiurban,Y,122000
LP001508,Logan,Hicks,Ap #111-2874 Dictum Road,North Las Vegas,NV,82227,Male,Yes,2,Graduate,No,11757,0,187000,180,1,Urban,Y,187000
LP001514,Jelani,Pruitt,"Ap #238-430 Facilisis, Rd.",Racine,WI,12200,Female,Yes,0,Graduate,No,2330,4486,100000,360,1,Semiurban,Y,100000
LP001516,Connor,Head,"824-8732 A, Ave",Salem,OR,15463,Female,Yes,2,Graduate,No,14866,0,70000,360,1,Urban,Y,70000
LP001518,Sasha,Lowe,"P.O. Box 692, 8240 Ornare, Rd.",Fresno,CA,94383,Male,Yes,1,Graduate,No,1538,1425,30000,360,1,Urban,Y,30000
LP001519,Melodie,Myers,"P.O. Box 365, 7788 Etiam Rd.",Bozeman,MT,84847,Female,No,0,Graduate,No,10000,1666,225000,360,1,Rural,N,225000
LP001520,Tate,Gilliam,683-5776 Cras Ave,Olympia,WA,52856,Male,Yes,0,Graduate,No,4860,830,125000,360,1,Semiurban,Y,125000
LP001528,Illana,Carroll,932-6789 Integer Road,Aurora,IL,87827,Male,No,0,Graduate,No,6277,0,118000,360,0,Rural,N,118000
LP001529,Cameran,Murray,6789 Eros Avenue,Oklahoma City,OK,66452,Male,Yes,0,Graduate,Yes,2577,3750,152000,360,1,Rural,Y,152000
LP001531,Colt,Huffman,272-7304 Non Street,Honolulu,HI,91530,Male,No,0,Graduate,No,9166,0,244000,360,1,Urban,N,244000
LP001532,Zephr,Brock,"P.O. Box 502, 1425 Eu Av.",Columbia,MD,33742,Male,Yes,2,Not Graduate,No,2281,0,113000,360,1,Rural,N,113000
LP001535,Nola,Mercer,Ap #989-9786 Quis Rd.,Austin,TX,52946,Male,No,0,Graduate,No,3254,0,50000,360,1,Urban,Y,50000
LP001536,Quincy,Schultz,960-3276 Mauris St.,Dover,DE,74446,Male,Yes,3+,Graduate,No,39999,0,600000,180,0,Semiurban,Y,600000
LP001543,Brady,Banks,"P.O. Box 957, 5971 Proin Road",Biloxi,MS,36371,Male,Yes,1,Graduate,No,9538,0,187000,360,1,Urban,Y,187000
LP001546,Jenna,Mcknight,"P.O. Box 156, 1899 Dolor. Road",College,AK,99965,Male,No,0,Graduate,,2980,2083,120000,360,1,Rural,Y,120000
LP001552,David,Meyers,7110 Adipiscing St.,Pike Creek,DE,84567,Male,Yes,0,Graduate,No,4583,5625,255000,360,1,Semiurban,Y,255000
LP001560,Tanya,Lindsey,"P.O. Box 921, 6748 Orci Rd.",Rochester,MN,55077,Male,Yes,0,Not Graduate,No,1863,1041,98000,360,1,Semiurban,Y,98000
LP001562,Kyle,Sharp,"P.O. Box 978, 5715 Curabitur St.",Chattanooga,TN,31497,Male,Yes,0,Graduate,No,7933,0,275000,360,1,Urban,N,275000
LP001565,Cecilia,Livingston,211 Facilisis Av.,Green Bay,WI,91270,Male,Yes,1,Graduate,No,3089,1280,121000,360,0,Semiurban,N,121000
LP001570,Phyllis,Sherman,"P.O. Box 958, 131 Massa. Avenue",Toledo,OH,95381,Male,Yes,2,Graduate,No,4167,1447,158000,360,1,Rural,Y,158000
LP001572,Shafira,Jones,6873 Sed Ave,Dover,DE,52641,Male,Yes,0,Graduate,No,9323,0,75000,180,1,Urban,Y,75000
LP001574,Ulla,Lowe,6521 Fames St.,Springfield,IL,21884,Male,Yes,0,Graduate,No,3707,3166,182000,360,1,Rural,Y,182000
LP001577,Kibo,Oneal,716-712 Dapibus St.,Auburn,ME,27660,Female,Yes,0,Graduate,No,4583,0,112000,360,1,Rural,N,112000
LP001578,Lael,Cervantes,Ap #329-4389 Tincidunt Road,San Francisco,CA,90516,Male,Yes,0,Graduate,No,2439,3333,129000,360,1,Rural,Y,129000
LP001579,Jermaine,Branch,3586 Quis Av.,Lafayette,LA,64684,Male,No,0,Graduate,No,2237,0,63000,480,0,Semiurban,N,63000
LP001580,Cain,Leblanc,207-1278 Mattis. Av.,Aurora,CO,67565,Male,Yes,2,Graduate,No,8000,0,200000,360,1,Semiurban,Y,200000
LP001581,Gray,Pollard,834-9508 A St.,Honolulu,HI,26999,Male,Yes,0,Not Graduate,,1820,1769,95000,360,1,Rural,Y,95000
LP001585,Aaron,Allen,5759 Donec Rd.,Saint Paul,MN,11415,,Yes,3+,Graduate,No,51763,0,700000,300,1,Urban,Y,700000
LP001586,Mufutau,Sargent,544-4359 Risus Rd.,Wilmington,DE,40221,Male,Yes,3+,Not Graduate,No,3522,0,81000,180,1,Rural,N,81000
LP001594,Rhonda,Day,"642-4030 Eget, Avenue",Tampa,FL,28187,Male,Yes,0,Graduate,No,5708,5625,187000,360,1,Semiurban,Y,187000
LP001603,Rashad,Stone,9522 Tellus Street,Huntsville,AL,36319,Male,Yes,0,Not Graduate,Yes,4344,736,87000,360,1,Semiurban,N,87000
LP001606,Rahim,Irwin,2907 Mauris Street,Bowling Green,KY,75626,Male,Yes,0,Graduate,No,3497,1964,116000,360,1,Rural,Y,116000
LP001608,Melodie,Strong,"P.O. Box 522, 1734 Phasellus Street",Hattiesburg,MS,43862,Male,Yes,2,Graduate,No,2045,1619,101000,360,1,Rural,Y,101000
LP001610,India,Cabrera,Ap #771-1507 Velit Rd.,Miami,FL,15587,Male,Yes,3+,Graduate,No,5516,11300,495000,360,0,Semiurban,N,495000
LP001616,Ima,Rodgers,"P.O. Box 305, 1253 Magnis Rd.",Allentown,PA,86073,Male,Yes,1,Graduate,No,3750,0,116000,360,1,Semiurban,Y,116000
LP001630,Noble,Mccray,"P.O. Box 206, 9358 Convallis Road",Owensboro,KY,17660,Male,No,0,Not Graduate,No,2333,1451,102000,480,0,Urban,N,102000
LP001633,Gisela,Harper,3642 Aliquam Road,St. Petersburg,FL,61260,Male,Yes,1,Graduate,No,6400,7250,180000,360,0,Urban,N,180000
LP001636,Willow,Mcdowell,Ap #692-5288 Nulla St.,Kaneohe,HI,70092,Male,Yes,0,Graduate,No,4600,0,73000,180,1,Semiurban,Y,73000
LP001637,Kerry,Estrada,Ap #728-1310 Enim Avenue,Rock Springs,WY,36902,Male,Yes,1,Graduate,No,33846,0,260000,360,1,Semiurban,N,260000
LP001639,Kathleen,Wilkerson,453-118 Faucibus Avenue,Bangor,ME,47931,Female,Yes,0,Graduate,No,3625,0,108000,360,1,Semiurban,Y,108000
LP001640,Zephr,Soto,Ap #512-7626 Vestibulum Rd.,Sioux City,IA,15487,Male,Yes,0,Graduate,Yes,39147,4750,120000,360,1,Semiurban,Y,120000
LP001641,Kirk,Cooley,"P.O. Box 930, 9726 Dui. St.",Little Rock,AR,71194,Male,Yes,1,Graduate,Yes,2178,0,66000,300,0,Rural,N,66000
LP001644,Brianna,Mendez,555-1075 Urna. Road,San Jose,CA,93754,,Yes,0,Graduate,Yes,674,5296,168000,360,1,Rural,Y,168000
LP001647,Astra,Stephens,"559-5085 Et, Avenue",Warren,MI,79787,Male,Yes,0,Graduate,No,9328,0,188000,180,1,Rural,Y,188000
LP001653,Cedric,Tate,"P.O. Box 825, 2438 Donec Rd.",Rockville,MD,60761,Male,No,0,Not Graduate,No,4885,0,48000,360,1,Rural,Y,48000
LP001656,Lester,Crawford,Ap #153-7399 Augue Rd.,Virginia Beach,VA,10240,Male,No,0,Graduate,No,12000,0,164000,360,1,Semiurban,N,164000
LP001657,Salvador,Baxter,256-6160 Risus Street,Jefferson City,MO,75414,Male,Yes,0,Not Graduate,No,6033,0,160000,360,1,Urban,N,160000
LP001658,Melanie,Bradley,"P.O. Box 118, 3601 Interdum. Av.",Glendale,AZ,85585,Male,No,0,Graduate,No,3858,0,76000,360,1,Semiurban,Y,76000
LP001664,Madeline,Riggs,"P.O. Box 496, 8894 In Road",Clarksville,TN,96478,Male,No,0,Graduate,No,4191,0,120000,360,1,Rural,Y,120000
LP001665,Hunter,Avery,9689 Nibh Rd.,Frederick,MD,22843,Male,Yes,1,Graduate,No,3125,2583,170000,360,1,Semiurban,N,170000
LP001666,Tatyana,Heath,3671 Ac Rd.,Tucson,AZ,86564,Male,No,0,Graduate,No,8333,3750,187000,360,1,Rural,Y,187000
LP001669,Lunea,Mathis,Ap #761-2203 Tincidunt St.,Jacksonville,FL,37011,Female,No,0,Not Graduate,No,1907,2365,120000,360,1,Urban,Y,120000
LP001673,Jordan,Mcleod,Ap #694-3510 Nunc Street,Southaven,MS,28826,Male,No,0,Graduate,Yes,11000,0,83000,360,1,Urban,N,83000
LP001674,Rhoda,Mays,Ap #703-5936 A Rd.,Gresham,OR,90724,Male,Yes,1,Not Graduate,No,2600,2500,90000,360,1,Semiurban,Y,90000
LP001677,George,Gamble,"P.O. Box 961, 5181 Sem Street",Tampa,FL,47709,Male,No,2,Graduate,No,4923,0,166000,360,0,Semiurban,Y,166000
LP001688,Kareem,Finch,812-4246 Proin St.,Seattle,WA,63499,Male,Yes,1,Not Graduate,No,3500,1083,135000,360,1,Urban,Y,135000
LP001691,Brandon,Bass,8619 Mi Street,New Haven,CT,75852,Male,Yes,2,Not Graduate,No,3917,0,124000,360,1,Semiurban,Y,124000
LP001692,Violet,Ball,416-2563 Ultrices Street,Gulfport,MS,67758,Female,No,0,Not Graduate,No,4408,0,120000,360,1,Semiurban,Y,120000
LP001693,Josephine,Estes,621-9728 Interdum Ave,Fort Worth,TX,34251,Female,No,0,Graduate,No,3244,0,80000,360,1,Urban,Y,80000
LP001698,Craig,Serrano,5498 Aliquet Street,Richmond,VA,30350,Male,No,0,Not Graduate,No,3975,2531,55000,360,1,Rural,Y,55000
LP001699,Alexa,Frederick,"4578 At, Rd.",Salem,OR,21475,Male,No,0,Graduate,No,2479,0,59000,360,1,Urban,Y,59000
LP001702,Jada,Kramer,802-3280 Cursus Street,Henderson,NV,28889,Male,No,0,Graduate,No,3418,0,127000,360,1,Semiurban,N,127000
LP001708,April,Glass,Ap #225-1737 Molestie. Street,Springfield,IL,55866,Female,No,0,Graduate,No,10000,0,214000,360,1,Semiurban,N,214000
LP001711,Mannix,Allison,Ap #884-8736 Integer St.,Chandler,AZ,85434,Male,Yes,3+,Graduate,No,3430,1250,128000,360,0,Semiurban,N,128000
LP001713,Dora,Mann,"P.O. Box 423, 4417 Lobortis. Avenue",Paradise,NV,27732,Male,Yes,1,Graduate,Yes,7787,0,240000,360,1,Urban,Y,240000
LP001715,Amethyst,Talley,151-755 Aliquam Ave,Dallas,TX,27933,Male,Yes,3+,Not Graduate,Yes,5703,0,130000,360,1,Rural,Y,130000
LP001716,Nicole,Long,2534 Accumsan Street,Las Vegas,NV,76696,Male,Yes,0,Graduate,No,3173,3021,137000,360,1,Urban,Y,137000
LP001720,Jin,Brewer,203 Mollis St.,Wilmington,DE,45791,Male,Yes,3+,Not Graduate,No,3850,983,100000,360,1,Semiurban,Y,100000
LP001722,Burton,Richard,131-6975 Faucibus Rd.,Cedar Rapids,IA,16559,Male,Yes,0,Graduate,No,150,1800,135000,360,1,Rural,N,135000
LP001726,Chandler,Horn,"P.O. Box 256, 4066 Aliquam St.",Essex,VT,35605,Male,Yes,0,Graduate,No,3727,1775,131000,360,1,Semiurban,Y,131000
LP001732,Germane,Newton,Ap #168-4297 Arcu. Avenue,Frankfort,KY,78906,Male,Yes,2,Graduate,,5000,0,72000,360,0,Semiurban,N,72000
LP001736,Norman,Schmidt,"1835 Et, Road",Cincinnati,OH,93167,Male,Yes,0,Graduate,No,2221,0,60000,360,0,Urban,N,60000
LP001743,Forrest,Lang,"P.O. Box 369, 3691 Felis, St.",Warren,MI,17383,Male,Yes,2,Graduate,No,4009,1717,116000,360,1,Semiurban,Y,116000
LP001744,Jonah,Norris,Ap #487-7877 Faucibus Rd.,Houston,TX,67852,Male,No,0,Graduate,No,2971,2791,144000,360,1,Semiurban,Y,144000
LP001749,Jeanette,Malone,"P.O. Box 170, 804 Odio, Street",Burlington,VT,89362,Male,Yes,0,Graduate,No,7578,1010,175000,360,1,Semiurban,Y,175000
LP001750,Zelda,Hopkins,9801 Gravida. Ave,Cheyenne,WY,41913,Male,Yes,0,Graduate,No,6250,0,128000,360,1,Semiurban,Y,128000
LP001751,Lucian,Estrada,Ap #881-2941 Porttitor Av.,Huntsville,AL,36266,Male,Yes,0,Graduate,No,3250,0,170000,360,1,Rural,N,170000
LP001754,Hamilton,Pratt,441-8578 Aliquam Rd.,Olympia,WA,25793,Male,Yes,,Not Graduate,Yes,4735,0,138000,360,1,Urban,N,138000
LP001758,Hillary,Petersen,Ap #263-1390 Enim. Road,Erie,PA,76695,Male,Yes,2,Graduate,No,6250,1695,210000,360,1,Semiurban,Y,210000
LP001760,Tatyana,Hensley,"P.O. Box 242, 346 Elit. Street",Chandler,AZ,85591,Male,,,Graduate,No,4758,0,158000,480,1,Semiurban,Y,158000
LP001761,Arsenio,Bright,"P.O. Box 829, 2481 Elit, Ave",Athens,GA,32469,Male,No,0,Graduate,Yes,6400,0,200000,360,1,Rural,Y,200000
LP001765,Kaden,Bradshaw,636-1543 Massa. Rd.,Cleveland,OH,74457,Male,Yes,1,Graduate,No,2491,2054,104000,360,1,Semiurban,Y,104000
LP001768,Uriah,Clayton,"P.O. Box 111, 2954 Ut Avenue",Fresno,CA,92610,Male,Yes,0,Graduate,,3716,0,42000,180,1,Rural,Y,42000
LP001770,Louis,Valenzuela,Ap #638-9784 Fringilla St.,Sandy,UT,44263,Male,No,0,Not Graduate,No,3189,2598,120000,360,1,Rural,Y,120000
LP001776,Arden,Lang,"P.O. Box 913, 5435 Aenean Road",Mobile,AL,35590,Female,No,0,Graduate,No,8333,0,280000,360,1,Semiurban,Y,280000
LP001778,Nicole,Chaney,"P.O. Box 608, 9549 Ut, Street",Racine,WI,45522,Male,Yes,1,Graduate,No,3155,1779,140000,360,1,Semiurban,Y,140000
LP001784,Julian,Turner,8920 Fermentum Rd.,Fayetteville,AR,72003,Male,Yes,1,Graduate,No,5500,1260,170000,360,1,Rural,Y,170000
LP001790,Curran,Farrell,Ap #297-1891 Eleifend Street,Nampa,ID,70732,Female,No,1,Graduate,No,3812,0,112000,360,1,Rural,Y,112000
LP001792,Alfonso,Brennan,"P.O. Box 629, 7204 Felis, Rd.",Cincinnati,OH,27117,Male,Yes,1,Graduate,No,3315,0,96000,360,1,Semiurban,Y,96000
LP001798,Blake,Glass,105-2713 Nam Avenue,Chesapeake,VA,94369,Male,Yes,2,Graduate,No,5819,5000,120000,360,1,Rural,Y,120000
LP001800,Upton,Avila,"P.O. Box 504, 4027 Mauris St.",Philadelphia,PA,45258,Male,Yes,1,Not Graduate,No,2510,1983,140000,180,1,Urban,N,140000
LP001807,Juliet,Mclean,Ap #750-5878 Ut Rd.,Springfield,MA,30752,Male,Yes,2,Graduate,Yes,6250,1300,108000,360,1,Rural,Y,108000
LP001811,Natalie,Fuller,Ap #395-2754 Mauris Rd.,Fort Wayne,IN,54802,Male,Yes,0,Not Graduate,No,3406,4417,123000,360,1,Semiurban,Y,123000
LP001813,Owen,Wiley,944-3849 Turpis Road,Cleveland,OH,53481,Male,No,0,Graduate,Yes,6050,4333,120000,180,1,Urban,N,120000
LP001814,Dorothy,Everett,5944 Arcu. Ave,Spokane,WA,94974,Male,Yes,2,Graduate,No,9703,0,112000,360,1,Urban,Y,112000
LP001819,Harrison,Edwards,Ap #672-6185 Vitae St.,Nampa,ID,18907,Male,Yes,1,Not Graduate,No,6608,0,137000,180,1,Urban,Y,137000
LP001824,Kenyon,Mayer,"P.O. Box 540, 7690 Et, Av.",Vancouver,WA,21209,Male,Yes,1,Graduate,No,2882,1843,123000,480,1,Semiurban,Y,123000
LP001825,Mason,Pruitt,Ap #109-2608 Risus. St.,Savannah,GA,92996,Male,Yes,0,Graduate,No,1809,1868,90000,360,1,Urban,Y,90000
LP001835,Hanae,Noble,109-4990 Ante St.,Rockville,MD,47469,Male,Yes,0,Not Graduate,No,1668,3890,201000,360,0,Semiurban,N,201000
LP001836,Ian,Gray,Ap #639-5658 Erat Ave,Juneau,AK,99708,Female,No,2,Graduate,No,3427,0,138000,360,1,Urban,N,138000
LP001841,Lareina,Vega,8171 Quis Ave,Salem,OR,24305,Male,No,0,Not Graduate,Yes,2583,2167,104000,360,1,Rural,Y,104000
LP001843,Dolan,Lowe,"P.O. Box 365, 9746 Commodo St.",Nampa,ID,55469,Male,Yes,1,Not Graduate,No,2661,7101,279000,180,1,Semiurban,Y,279000
LP001844,Camden,Campos,8221 Torquent Street,Great Falls,MT,16356,Male,No,0,Graduate,Yes,16250,0,192000,360,0,Urban,N,192000
LP001846,Desirae,Day,605-7709 Litora Ave,Grand Island,NE,57324,Female,No,3+,Graduate,No,3083,0,255000,360,1,Rural,Y,255000
LP001849,Simon,Rocha,"P.O. Box 822, 7135 Duis Ave",Juneau,AK,99873,Male,No,0,Not Graduate,No,6045,0,115000,360,0,Rural,N,115000
LP001854,Dominique,Goff,"P.O. Box 645, 1958 Et Avenue",Cambridge,MA,53391,Male,Yes,3+,Graduate,No,5250,0,94000,360,1,Urban,N,94000
LP001859,Kennedy,Byrd,"Ap #135-5511 Congue, Ave",Houston,TX,34421,Male,Yes,0,Graduate,No,14683,2100,304000,360,1,Rural,N,304000
LP001868,Beck,Delacruz,"P.O. Box 817, 3349 Ante Street",Houston,TX,21945,Male,No,0,Graduate,No,2060,2209,134000,360,1,Semiurban,Y,134000
LP001871,Deanna,Patterson,907-7063 Quisque Av.,Cedar Rapids,IA,69641,Female,No,0,Graduate,No,7200,0,120000,360,1,Rural,Y,120000
LP001872,Noel,Hebert,Ap #818-2180 Dui Ave,Iowa City,IA,46262,Male,No,0,Graduate,Yes,5166,0,128000,360,1,Semiurban,Y,128000
LP001875,Odysseus,Mcdowell,"Ap #427-8696 Elit, Ave",Portland,ME,61933,Male,No,0,Graduate,No,4095,3447,151000,360,1,Rural,Y,151000
LP001877,Charles,Beck,"P.O. Box 648, 3373 Nulla St.",Auburn,ME,79829,Male,Yes,2,Graduate,No,4708,1387,150000,360,1,Semiurban,Y,150000
LP001882,Troy,Harrington,487-3730 Pharetra Av.,Gresham,OR,44578,Male,Yes,3+,Graduate,No,4333,1811,160000,360,0,Urban,Y,160000
LP001883,Riley,Mccarthy,4623 Luctus Av.,Bowling Green,KY,71310,Female,No,0,Graduate,,3418,0,135000,360,1,Rural,N,135000
LP001884,Veda,Raymond,"199 In, Ave",New Orleans,LA,89841,Female,No,1,Graduate,No,2876,1560,90000,360,1,Urban,Y,90000
LP001888,Bo,Parsons,"Ap #698-7708 A, Rd.",Jackson,MS,74059,Female,No,0,Graduate,No,3237,0,30000,360,1,Urban,Y,30000
LP001891,Lance,Schmidt,"2928 Quis, Avenue",Dover,DE,80880,Male,Yes,0,Graduate,No,11146,0,136000,360,1,Urban,Y,136000
LP001892,Hiram,Strong,"P.O. Box 454, 2598 Malesuada Ave",Virginia Beach,VA,72123,Male,No,0,Graduate,No,2833,1857,126000,360,1,Rural,Y,126000
LP001894,Noelle,Tanner,"P.O. Box 281, 9347 Nunc Avenue",Philadelphia,PA,86503,Male,Yes,0,Graduate,No,2620,2223,150000,360,1,Semiurban,Y,150000
LP001896,Benedict,Hampton,3903 Luctus Avenue,Hilo,HI,71799,Male,Yes,2,Graduate,No,3900,0,90000,360,1,Semiurban,Y,90000
LP001900,Wilma,Newman,Ap #739-1432 Fusce Street,Overland Park,KS,85383,Male,Yes,1,Graduate,No,2750,1842,115000,360,1,Semiurban,Y,115000
LP001903,Jeanette,Hampton,"P.O. Box 648, 6187 Feugiat Rd.",Joliet,IL,74871,Male,Yes,0,Graduate,No,3993,3274,207000,360,1,Semiurban,Y,207000
LP001904,Shaeleigh,Morse,Ap #698-1041 Eros. St.,Chandler,AZ,85018,Male,Yes,0,Graduate,No,3103,1300,80000,360,1,Urban,Y,80000
LP001907,Jacqueline,Greene,8251 Mauris Rd.,Columbus,OH,16233,Male,Yes,0,Graduate,No,14583,0,436000,360,1,Semiurban,Y,436000
LP001910,Amy,Perry,Ap #655-8535 Massa. Rd.,Iowa City,IA,97757,Male,No,1,Not Graduate,Yes,4053,2426,158000,360,0,Urban,N,158000
LP001914,Hector,Silva,"P.O. Box 520, 3672 Fermentum Rd.",Owensboro,KY,48704,Male,Yes,0,Graduate,No,3927,800,112000,360,1,Semiurban,Y,112000
LP001915,Sawyer,Stephenson,Ap #336-4443 Dolor. St.,Hilo,HI,58929,Male,Yes,2,Graduate,No,2301,985.7999878,78000,180,1,Urban,Y,78000
LP001917,Scott,Garrison,3039 Dolor. St.,Auburn,ME,55464,Female,No,0,Graduate,No,1811,1666,54000,360,1,Urban,Y,54000
LP001924,Alan,Huff,Ap #143-7498 Dui Avenue,Provo,UT,63495,Male,No,0,Graduate,No,3158,3053,89000,360,1,Rural,Y,89000
LP001925,Connor,Mcfadden,Ap #172-8044 Non Avenue,Saint Louis,MO,77045,Female,No,0,Graduate,Yes,2600,1717,99000,300,1,Semiurban,N,99000
LP001926,James,Chase,622-8025 Justo Rd.,Pittsburgh,PA,81531,Male,Yes,0,Graduate,No,3704,2000,120000,360,1,Rural,Y,120000
LP001931,Ferris,Reilly,Ap #562-2028 Aenean Ave,Meridian,ID,64603,Female,No,0,Graduate,No,4124,0,115000,360,1,Semiurban,Y,115000
LP001935,Kai,Goodman,"Ap #406-845 Vulputate, Street",Chesapeake,VA,98757,Male,No,0,Graduate,No,9508,0,187000,360,1,Rural,Y,187000
LP001936,Avye,Pearson,6561 Luctus Av.,Sterling Heights,MI,39236,Male,Yes,0,Graduate,No,3075,2416,139000,360,1,Rural,Y,139000
LP001938,Jamalia,Nixon,Ap #784-8419 Vel Street,Sioux City,IA,45299,Male,Yes,2,Graduate,No,4400,0,127000,360,0,Semiurban,N,127000
LP001940,Barclay,Shepherd,"Ap #760-2645 Nec, Rd.",Kaneohe,HI,58653,Male,Yes,2,Graduate,No,3153,1560,134000,360,1,Urban,Y,134000
LP001945,Lavinia,Gould,"P.O. Box 824, 3791 Sociosqu Ave",Meridian,ID,90965,Female,No,0,Graduate,No,5417,0,143000,480,0,Urban,N,143000
LP001947,Brynn,Crane,Ap #488-9385 Pharetra Avenue,Seattle,WA,87308,Male,Yes,0,Graduate,No,2383,3334,172000,360,1,Semiurban,Y,172000
LP001949,Yvette,Ochoa,"P.O. Box 703, 9957 Neque. Road",West Jordan,UT,79302,Male,Yes,3+,Graduate,,4416,1250,110000,360,1,Urban,Y,110000
LP001953,Lee,Warner,Ap #731-476 Pellentesque Av.,Madison,WI,23194,Male,Yes,1,Graduate,No,6875,0,200000,360,1,Semiurban,Y,200000
LP001954,Noble,Clements,Ap #404-9888 Hendrerit Rd.,Lawton,OK,90240,Female,Yes,1,Graduate,No,4666,0,135000,360,1,Urban,Y,135000
LP001955,Veda,Leonard,Ap #345-9635 In Street,Great Falls,MT,49029,Female,No,0,Graduate,No,5000,2541,151000,480,1,Rural,N,151000
LP001963,Sophia,Oconnor,Ap #267-9297 Bibendum St.,Metairie,LA,11362,Male,Yes,1,Graduate,No,2014,2925,113000,360,1,Urban,N,113000
LP001964,Axel,Barry,Ap #715-998 Et Av.,Tacoma,WA,29564,Male,Yes,0,Not Graduate,No,1800,2934,93000,360,0,Urban,N,93000
LP001972,Kiara,Lyons,"P.O. Box 693, 3269 Condimentum Avenue",Aurora,CO,96589,Male,Yes,,Not Graduate,No,2875,1750,105000,360,1,Semiurban,Y,105000
LP001974,Noble,Coffey,"P.O. Box 880, 8669 Fringilla. St.",Orlando,FL,19683,Female,No,0,Graduate,No,5000,0,132000,360,1,Rural,Y,132000
LP001977,Ignacia,Bean,Ap #709-5373 Vitae St.,Bloomington,MN,41426,Male,Yes,1,Graduate,No,1625,1803,96000,360,1,Urban,Y,96000
LP001978,Baker,Rios,754 Vivamus Road,Jacksonville,FL,99151,Male,No,0,Graduate,No,4000,2500,140000,360,1,Rural,Y,140000
LP001993,Alea,Turner,"P.O. Box 797, 1009 Eget Ave",Bridgeport,CT,80036,Female,No,0,Graduate,No,3762,1666,135000,360,1,Rural,Y,135000
LP001994,Wing,Huff,564-3889 Nec Avenue,Bellevue,NE,69945,Female,No,0,Graduate,No,2400,1863,104000,360,0,Urban,N,104000
LP001996,Dominique,Hampton,849-4833 Vel Road,Broken Arrow,OK,36649,Male,No,0,Graduate,No,20233,0,480000,360,1,Rural,N,480000
LP002002,Clarke,Frazier,Ap #480-7158 Vel St.,Honolulu,HI,19065,Female,No,0,Graduate,No,2917,0,84000,360,1,Semiurban,Y,84000
LP002004,Keiko,Chaney,554-5332 Scelerisque Street,Cincinnati,OH,46377,Male,No,0,Not Graduate,No,2927,2405,111000,360,1,Semiurban,Y,111000
LP002006,Julie,Dillard,4200 Nulla Rd.,Detroit,MI,81161,Female,No,0,Graduate,No,2507,0,56000,360,1,Rural,Y,56000
LP002024,Clarke,Curry,878-6057 Sed Av.,Wichita,KS,48518,,Yes,0,Graduate,No,2473,1843,159000,360,1,Rural,N,159000
LP002031,Elvis,Nash,Ap #398-6469 Commodo St.,Missoula,MT,74208,Male,Yes,1,Not Graduate,No,3399,1640,111000,180,1,Urban,Y,111000
LP002035,Alan,Romero,"P.O. Box 233, 7728 Ut, Road",Springfield,MA,96683,Male,Yes,2,Graduate,No,3717,0,120000,360,1,Semiurban,Y,120000
LP002050,Alfonso,Chambers,"P.O. Box 247, 2129 Luctus Rd.",Augusta,ME,65454,Male,Yes,1,Graduate,Yes,10000,0,155000,360,1,Rural,N,155000
LP002051,Maggy,Dalton,Ap #274-5770 Elit St.,Jacksonville,FL,49167,Male,Yes,0,Graduate,No,2400,2167,115000,360,1,Semiurban,Y,115000
LP002053,Dylan,Kent,"P.O. Box 802, 1203 Dolor. Ave",Grand Island,NE,23005,Male,Yes,3+,Graduate,No,4342,189,124000,360,1,Semiurban,Y,124000
LP002065,Joseph,Burnett,"P.O. Box 316, 9077 Volutpat Avenue",Akron,OH,74501,Male,Yes,3+,Graduate,No,15000,0,300000,360,1,Rural,Y,300000
LP002067,Zahir,Welch,"P.O. Box 562, 1644 Aliquam Avenue",Fairbanks,AK,99888,Male,Yes,1,Graduate,Yes,8666,4983,376000,360,0,Rural,N,376000
LP002068,Dorian,Keller,"P.O. Box 178, 9131 Lorem Rd.",Pocatello,ID,16098,Male,No,0,Graduate,No,4917,0,130000,360,0,Rural,Y,130000
LP002082,Kibo,Stark,357-3593 Eros St.,Norman,OK,82598,Male,Yes,0,Graduate,Yes,5818,2160,184000,360,1,Semiurban,Y,184000
LP002086,Slade,Mann,"P.O. Box 702, 7655 Lobortis Road",New Haven,CT,32375,Female,Yes,0,Graduate,No,4333,2451,110000,360,1,Urban,N,110000
LP002087,Chaim,Savage,Ap #683-6868 Nulla Rd.,Frankfort,KY,82513,Female,No,0,Graduate,No,2500,0,67000,360,1,Urban,Y,67000
LP002097,Carter,Neal,Ap #751-4634 Libero Rd.,Iowa City,IA,86622,Male,No,1,Graduate,No,4384,1793,117000,360,1,Urban,Y,117000
LP002098,Nora,Estes,"757-5515 Ut, St.",Kansas City,MO,53501,Male,No,0,Graduate,No,2935,0,98000,360,1,Semiurban,Y,98000
LP002100,Sacha,Mckee,Ap #883-811 Proin Av.,Gulfport,MS,55887,Male,No,,Graduate,No,2833,0,71000,360,1,Urban,Y,71000
LP002101,Brielle,Spencer,Ap #750-9974 Vitae Rd.,Hilo,HI,23842,Male,Yes,0,Graduate,,63337,0,490000,180,1,Urban,Y,490000
LP002103,Julian,Patrick,979-3008 Ornare Road,Omaha,NE,46502,,Yes,1,Graduate,Yes,9833,1833,182000,180,1,Urban,Y,182000
LP002106,Deacon,Bauer,7288 Nunc Road,Portland,ME,21859,Male,Yes,0,Graduate,Yes,5503,4490,70000,360,1,Semiurban,Y,70000
LP002110,Ciaran,Dunn,Ap #881-3378 Rutrum. St.,Fairbanks,AK,99831,Male,Yes,1,Graduate,,5250,688,160000,360,1,Rural,Y,160000
LP002112,Jarrod,Gutierrez,"P.O. Box 864, 5433 Augue Road",Louisville,KY,94011,Male,Yes,2,Graduate,Yes,2500,4600,176000,360,1,Rural,Y,176000
LP002114,Olga,Huber,Ap #709-128 Adipiscing St.,Bellevue,WA,97334,Female,No,0,Graduate,No,4160,0,71000,360,1,Semiurban,Y,71000
LP002115,Vanna,Dixon,Ap #765-9702 Est. Rd.,Metairie,LA,19628,Male,Yes,3+,Not Graduate,No,2647,1587,173000,360,1,Rural,N,173000
LP002116,Chava,Tate,"P.O. Box 759, 5269 Et Street",Fort Smith,AR,72198,Female,No,0,Graduate,No,2378,0,46000,360,1,Rural,N,46000
LP002119,Eden,Greene,"521-6678 A, Rd.",Saint Louis,MO,44114,Male,Yes,1,Not Graduate,No,4554,1229,158000,360,1,Urban,Y,158000
LP002126,Juliet,Savage,"6554 A, Av.",Baltimore,MD,96730,Male,Yes,3+,Not Graduate,No,3173,0,74000,360,1,Semiurban,Y,74000
LP002128,Wendy,Hendricks,813-8929 Dis Road,Saint Paul,MN,32248,Male,Yes,2,Graduate,,2583,2330,125000,360,1,Rural,Y,125000
LP002129,Kirestin,Warren,"P.O. Box 228, 9837 Est Ave",Juneau,AK,99614,Male,Yes,0,Graduate,No,2499,2458,160000,360,1,Semiurban,Y,160000
LP002130,Kenneth,Gibbs,1141 A Avenue,Columbus,GA,61423,Male,Yes,,Not Graduate,No,3523,3230,152000,360,0,Rural,N,152000
LP002131,Robin,Jimenez,386-129 Sit Av.,South Bend,IN,93060,Male,Yes,2,Not Graduate,No,3083,2168,126000,360,1,Urban,Y,126000
LP002138,Eric,Molina,856-7070 Mauris St.,Fort Collins,CO,33632,Male,Yes,0,Graduate,No,2625,6250,187000,360,1,Rural,Y,187000
LP002139,Zoe,Odom,679-6035 Dolor Rd.,Honolulu,HI,78217,Male,Yes,0,Graduate,No,9083,0,228000,360,1,Semiurban,Y,228000
LP002140,Jakeem,Velasquez,"P.O. Box 464, 2086 Sit Rd.",Colorado Springs,CO,79044,Male,No,0,Graduate,No,8750,4167,308000,360,1,Rural,N,308000
LP002141,Wylie,Massey,1602 Sodales. St.,Sandy,UT,48773,Male,Yes,3+,Graduate,No,2666,2083,95000,360,1,Rural,Y,95000
LP002142,Orla,Ford,3820 Magna. St.,South Portland,ME,37960,Female,Yes,0,Graduate,Yes,5500,0,105000,360,0,Rural,N,105000
LP002143,Clare,Fuller,"P.O. Box 209, 5018 Pede, Avenue",Portland,ME,43089,Female,Yes,0,Graduate,No,2423,505,130000,360,1,Semiurban,Y,130000
LP002144,Tanya,Bradley,247-4543 Cursus Rd.,West Jordan,UT,71906,Female,No,,Graduate,No,3813,0,116000,180,1,Urban,Y,116000
LP002149,Marny,Dyer,"P.O. Box 603, 8028 Lacus. Av.",Saint Louis,MO,48503,Male,Yes,2,Graduate,No,8333,3167,165000,360,1,Rural,Y,165000
LP002151,Camille,Kelley,627-5342 Nibh. Road,Kearney,NE,86881,Male,Yes,1,Graduate,No,3875,0,67000,360,1,Urban,N,67000
LP002158,Julian,Johns,938-2075 Eros Street,Tacoma,WA,16665,Male,Yes,0,Not Graduate,No,3000,1666,100000,480,0,Urban,N,100000
LP002160,Bianca,Mendez,"822-729 At, Avenue",South Burlington,VT,11463,Male,Yes,3+,Graduate,No,5167,3167,200000,360,1,Semiurban,Y,200000
LP002161,Blaze,Jacobs,"P.O. Box 601, 9827 Felis Rd.",Jefferson City,MO,20331,Female,No,1,Graduate,No,4723,0,81000,360,1,Semiurban,N,81000
LP002170,Yasir,Baldwin,284-9658 Ligula. St.,Covington,KY,19613,Male,Yes,2,Graduate,No,5000,3667,236000,360,1,Semiurban,Y,236000
LP002175,Zachery,Zamora,"P.O. Box 351, 7619 Cum Rd.",Gillette,WY,81930,Male,Yes,0,Graduate,No,4750,2333,130000,360,1,Urban,Y,130000
LP002180,Daria,Powers,"P.O. Box 684, 8178 Metus Ave",Chicago,IL,25340,Male,No,0,Graduate,Yes,6822,0,141000,360,1,Rural,Y,141000
LP002181,Hermione,Johnson,"Ap #276-8118 Ornare, Avenue",Orlando,FL,13056,Male,No,0,Not Graduate,No,6216,0,133000,360,1,Rural,N,133000
LP002187,Tasha,Chen,"P.O. Box 576, 5679 Hendrerit Street",Kenosha,WI,57406,Male,No,0,Graduate,No,2500,0,96000,480,1,Semiurban,N,96000
LP002188,Scarlet,Campos,2576 Sed St.,Minneapolis,MN,88327,Male,No,0,Graduate,No,5124,0,124000,360,0,Rural,N,124000
LP002190,Molly,Riggs,"P.O. Box 305, 9334 Lacus. Ave",Newport News,VA,99508,Male,Yes,1,Graduate,No,6325,0,175000,360,1,Semiurban,Y,175000
LP002191,Hakeem,Terrell,4780 Vivamus Avenue,Wyoming,WY,95616,Male,Yes,0,Graduate,No,19730,5266,570000,360,1,Rural,N,570000
LP002194,Leroy,Banks,Ap #280-7150 Lacus. Road,Hartford,CT,72746,Female,No,0,Graduate,Yes,15759,0,55000,360,1,Semiurban,Y,55000
LP002197,Mannix,Bonner,6037 Turpis Avenue,Rochester,MN,42223,Male,Yes,2,Graduate,No,5185,0,155000,360,1,Semiurban,Y,155000
LP002201,Ignacia,Cohen,Ap #488-4801 Sed Ave,South Portland,ME,22298,Male,Yes,2,Graduate,Yes,9323,7873,380000,300,1,Rural,Y,380000
LP002205,Jamal,Workman,763-9936 Faucibus Road,Kapolei,HI,76079,Male,No,1,Graduate,No,3062,1987,111000,180,0,Urban,N,111000
LP002209,Ferris,Sawyer,"P.O. Box 637, 3287 Ridiculus Street",Indianapolis,IN,78323,Female,No,0,Graduate,,2764,1459,110000,360,1,Urban,Y,110000
LP002211,Sacha,Morales,910 Mauris Ave,Kapolei,HI,64599,Male,Yes,0,Graduate,No,4817,923,120000,180,1,Urban,Y,120000
LP002219,Whilemina,Graves,4928 Erat Street,Chandler,AZ,85554,Male,Yes,3+,Graduate,No,8750,4996,130000,360,1,Rural,Y,130000
LP002224,Josiah,Meadows,"Ap #555-137 Montes, Street",College,AK,99657,Male,No,0,Graduate,No,3069,0,71000,480,1,Urban,N,71000
LP002225,Nicholas,Vazquez,"P.O. Box 629, 4673 Nisi. St.",Salt Lake City,UT,16980,Male,Yes,2,Graduate,No,5391,0,130000,360,1,Urban,Y,130000
LP002226,Chaim,Horton,"P.O. Box 112, 688 Ac Ave",Rockford,IL,91963,Male,Yes,0,Graduate,,3333,2500,128000,360,1,Semiurban,Y,128000
LP002229,Bell,Crosby,"P.O. Box 931, 8949 Pede. Ave",Boise,ID,53993,Male,No,0,Graduate,No,5941,4232,296000,360,1,Semiurban,Y,296000
LP002231,Madison,Merrill,Ap #202-8881 Nunc St.,Virginia Beach,VA,48434,Female,No,0,Graduate,No,6000,0,156000,360,1,Urban,Y,156000
LP002234,Cain,Hogan,"Ap #288-5694 Luctus, Street",Stamford,CT,42164,Male,No,0,Graduate,Yes,7167,0,128000,360,1,Urban,Y,128000
LP002236,Solomon,Christensen,627-3340 Vestibulum Rd.,Bellevue,NE,53408,Male,Yes,2,Graduate,No,4566,0,100000,360,1,Urban,N,100000
LP002237,Mara,Beasley,766-9888 Ac Av.,Laramie,WY,24178,Male,No,1,Graduate,,3667,0,113000,180,1,Urban,Y,113000
LP002239,Roary,Odonnell,9181 Consectetuer St.,Kearney,NE,96121,Male,No,0,Not Graduate,No,2346,1600,132000,360,1,Semiurban,Y,132000
LP002244,Justine,Shannon,1585 Luctus Avenue,Akron,OH,29052,Male,Yes,0,Graduate,No,2333,2417,136000,360,1,Urban,Y,136000
LP002250,Kyra,Whitfield,"P.O. Box 163, 3245 Eu, Avenue",Rockford,IL,88772,Male,Yes,0,Graduate,No,5488,0,125000,360,1,Rural,Y,125000
LP002255,Harriet,Mejia,"P.O. Box 509, 8495 Nisi Ave",Athens,GA,74830,Male,No,3+,Graduate,No,9167,0,185000,360,1,Rural,Y,185000
LP002262,Buffy,Potter,"P.O. Box 812, 6745 Tellus. Street",Great Falls,MT,32364,Male,Yes,3+,Graduate,No,9504,0,275000,360,1,Rural,Y,275000
LP002265,Howard,Acosta,"P.O. Box 292, 6237 Id, Rd.",Iowa City,IA,33722,Male,Yes,2,Not Graduate,No,1993,1625,113000,180,1,Semiurban,Y,113000
LP002266,Callie,Franklin,194-423 Dictum. Ave,Southaven,MS,33322,Male,Yes,2,Graduate,No,3100,1400,113000,360,1,Urban,Y,113000
LP002277,Jena,Mcgowan,"P.O. Box 995, 349 Orci St.",Laramie,WY,23221,Female,No,0,Graduate,No,3180,0,71000,360,0,Urban,N,71000
LP002281,Gretchen,Pollard,Ap #265-1178 Iaculis St.,Bloomington,MN,84582,Male,Yes,0,Graduate,No,3033,1459,95000,360,1,Urban,Y,95000
LP002284,Gloria,Dodson,"324-1712 Quam, Avenue",Covington,KY,49604,Male,No,0,Not Graduate,No,3902,1666,109000,360,1,Rural,Y,109000
LP002287,Angelica,Singleton,"P.O. Box 879, 3384 Elit Road",Seattle,WA,92941,Female,No,0,Graduate,No,1500,1800,103000,360,0,Semiurban,N,103000
LP002288,Noelle,Powell,629-8074 Scelerisque St.,Mobile,AL,35347,Male,Yes,2,Not Graduate,No,2889,0,45000,180,0,Urban,N,45000
LP002296,Leah,Goff,1179 Vestibulum Rd.,Laramie,WY,51488,Male,No,0,Not Graduate,No,2755,0,65000,300,1,Rural,N,65000
LP002297,Kaden,Estrada,6296 Purus Street,Lakewood,CO,98310,Male,No,0,Graduate,No,2500,20000,103000,360,1,Semiurban,Y,103000
LP002300,Hamish,Foreman,5488 Consectetuer Street,Hartford,CT,96129,Female,No,0,Not Graduate,No,1963,0,53000,360,1,Semiurban,Y,53000
LP002301,Venus,Day,162-7438 Faucibus Road,Carson City,NV,22114,Female,No,0,Graduate,Yes,7441,0,194000,360,1,Rural,N,194000
LP002305,Brianna,Mitchell,"2059 Pellentesque, Rd.",Columbia,MD,59266,Female,No,0,Graduate,No,4547,0,115000,360,1,Semiurban,Y,115000
LP002308,Otto,Dickson,Ap #715-5103 Sed Street,Nampa,ID,81407,Male,Yes,0,Not Graduate,No,2167,2400,115000,360,1,Urban,Y,115000
LP002314,Norman,Cleveland,"P.O. Box 812, 4155 Pede. Ave",South Portland,ME,71468,Female,No,0,Not Graduate,No,2213,0,66000,360,1,Rural,Y,66000
LP002315,Lunea,Rutledge,"9844 Ut, Road",Gulfport,MS,28128,Male,Yes,1,Graduate,No,8300,0,152000,300,0,Semiurban,N,152000
LP002317,Phyllis,Rollins,121-5706 Duis Rd.,Denver,CO,29986,Male,Yes,3+,Graduate,No,81000,0,360000,360,0,Rural,N,360000
LP002318,Nehru,Hartman,"P.O. Box 567, 4979 Et Avenue",Denver,CO,90934,Female,No,1,Not Graduate,Yes,3867,0,62000,360,1,Semiurban,N,62000
LP002328,Ulysses,Dillard,Ap #461-8279 Rutrum. St.,Bridgeport,CT,66159,Male,Yes,0,Not Graduate,No,6096,0,218000,360,0,Rural,N,218000
LP002332,Craig,Nixon,"258-9065 In, Street",Missoula,MT,55973,Male,Yes,0,Not Graduate,No,2253,2033,110000,360,1,Rural,Y,110000
LP002335,Maggie,Finley,931-2258 Nec Rd.,College,AK,99598,Female,Yes,0,Not Graduate,No,2149,3237,178000,360,0,Semiurban,N,178000
LP002337,Russell,Wall,Ap #662-4829 Donec St.,Kaneohe,HI,76262,Female,No,0,Graduate,No,2995,0,60000,360,1,Urban,Y,60000
LP002341,Leonard,Moon,9055 Sed Avenue,Sacramento,CA,92301,Female,No,1,Graduate,No,2600,0,160000,360,1,Urban,N,160000
LP002342,Xyla,Knowles,Ap #341-3862 Phasellus St.,Portland,ME,70605,Male,Yes,2,Graduate,Yes,1600,20000,239000,360,1,Urban,N,239000
LP002345,Ivy,Powers,"P.O. Box 431, 9318 Sollicitudin St.",Bozeman,MT,60658,Male,Yes,0,Graduate,No,1025,2773,112000,360,1,Rural,Y,112000
LP002347,Imani,Best,4993 Enim. Road,Cambridge,MA,77008,Male,Yes,0,Graduate,No,3246,1417,138000,360,1,Semiurban,Y,138000
LP002348,Kasimir,Reese,526 Aliquam Av.,Waterbury,CT,12447,Male,Yes,0,Graduate,No,5829,0,138000,360,1,Rural,Y,138000
LP002357,Hayfa,Beasley,"P.O. Box 538, 9526 Sed Street",Newark,DE,68977,Female,No,0,Not Graduate,No,2720,0,80000,360,0,Urban,N,80000
LP002361,Karina,English,702-2348 Ante Ave,Lakewood,CO,50825,Male,Yes,0,Graduate,No,1820,1719,100000,360,1,Urban,Y,100000
LP002362,Kadeem,Barrett,5948 Ante Rd.,Hattiesburg,MS,11411,Male,Yes,1,Graduate,No,7250,1667,110000,360,0,Urban,N,110000
LP002364,Jack,Newman,"P.O. Box 328, 9902 Pede. Street",San Jose,CA,95751,Male,Yes,0,Graduate,No,14880,0,96000,360,1,Semiurban,Y,96000
LP002366,Bell,Shannon,"P.O. Box 591, 9342 Aliquam Avenue",Tuscaloosa,AL,36274,Male,Yes,0,Graduate,No,2666,4300,121000,360,1,Rural,Y,121000
LP002367,Fleur,Smith,517 Metus Rd.,Salem,OR,64686,Female,No,1,Not Graduate,No,4606,0,81000,360,1,Rural,N,81000
LP002368,Gareth,Lowe,668-5436 Vel St.,Great Falls,MT,58687,Male,Yes,2,Graduate,No,5935,0,133000,360,1,Semiurban,Y,133000
LP002369,Vernon,Tyson,3199 Scelerisque Street,Aurora,IL,90817,Male,Yes,0,Graduate,No,2920,16.12000084,87000,360,1,Rural,Y,87000
LP002370,Gregory,Compton,686-8836 Eget St.,Newport News,VA,81090,Male,No,0,Not Graduate,No,2717,0,60000,180,1,Urban,Y,60000
LP002377,Baker,Gates,3827 Parturient Road,Dover,DE,53581,Female,No,1,Graduate,Yes,8624,0,150000,360,1,Semiurban,Y,150000
LP002379,Jerome,Madden,6248 Vestibulum Street,Kaneohe,HI,82012,Male,No,0,Graduate,No,6500,0,105000,360,0,Rural,N,105000
LP002386,Sage,Knapp,2121 Magna Ave,Metairie,LA,99283,Male,No,0,Graduate,,12876,0,405000,360,1,Semiurban,Y,405000
LP002387,Yuli,Chambers,752-7967 Tellus. Avenue,Gulfport,MS,80660,Male,Yes,0,Graduate,No,2425,2340,143000,360,1,Semiurban,Y,143000
LP002390,Yoko,Lopez,321-195 Mollis. Rd.,Jackson,MS,27837,Male,No,0,Graduate,No,3750,0,100000,360,1,Urban,Y,100000
LP002398,Quemby,Ayala,986-8696 Aliquam Av.,Atlanta,GA,41493,Male,No,0,Graduate,No,1926,1851,50000,360,1,Semiurban,Y,50000
LP002403,Aspen,Santiago,8416 Tellus. Road,Aurora,IL,35001,Male,No,0,Graduate,Yes,10416,0,187000,360,0,Urban,N,187000
LP002407,Warren,Moran,"P.O. Box 173, 7432 Eu Av.",Waterbury,CT,82036,Female,Yes,0,Not Graduate,Yes,7142,0,138000,360,1,Rural,Y,138000
LP002408,Silas,Weber,310-8616 Diam Rd.,Tucson,AZ,85917,Male,No,0,Graduate,No,3660,5064,187000,360,1,Semiurban,Y,187000
LP002409,Quinn,Lamb,689-6290 Tempus Rd.,Chandler,AZ,85967,Male,Yes,0,Graduate,No,7901,1833,180000,360,1,Rural,Y,180000
LP002418,Aileen,Hines,4563 Vestibulum Ave,Lafayette,LA,32459,Male,No,3+,Not Graduate,No,4707,1993,148000,360,1,Semiurban,Y,148000
LP002422,Shana,Salazar,"960-5336 Pede, Ave",Jackson,MS,34504,Male,No,1,Graduate,No,37719,0,152000,360,1,Semiurban,Y,152000
LP002429,Graham,Short,"P.O. Box 146, 5171 Venenatis Rd.",Frankfort,KY,81299,Male,Yes,1,Graduate,Yes,3466,1210,130000,360,1,Rural,Y,130000
LP002434,Yen,Mack,748-7882 Eu Av.,Wichita,KS,42990,Male,Yes,2,Not Graduate,No,4652,0,110000,360,1,Rural,Y,110000
LP002435,Nell,Horn,353-9465 Lacus. St.,Sacramento,CA,96388,Male,Yes,0,Graduate,,3539,1376,55000,360,1,Rural,N,55000
LP002443,Norman,Good,"P.O. Box 437, 8471 Felis. Rd.",Pike Creek,DE,29047,Male,Yes,2,Graduate,No,3340,1710,150000,360,0,Rural,N,150000
LP002446,Simone,Walton,187-1205 Facilisis St.,Jackson,MS,91110,Male,Yes,2,Not Graduate,No,2309,1255,125000,360,0,Rural,N,125000
LP002448,Kimberly,Camacho,644-789 Morbi St.,Rockville,MD,72988,Male,Yes,0,Graduate,No,3948,1733,149000,360,0,Rural,N,149000
LP002449,Xenos,Martin,8857 Non St.,Clarksville,TN,61776,Male,Yes,0,Graduate,No,2483,2466,90000,180,0,Rural,Y,90000
LP002453,Colt,Ingram,Ap #181-203 Erat. Rd.,Madison,WI,77724,Male,No,0,Graduate,Yes,7085,0,84000,360,1,Semiurban,Y,84000
LP002455,Malcolm,Crane,"P.O. Box 277, 1439 Elementum, St.",Montpelier,VT,13431,Male,Yes,2,Graduate,No,3859,0,96000,360,1,Semiurban,Y,96000
LP002459,Nigel,Pierce,558-807 Neque Av.,San Francisco,CA,91316,Male,Yes,0,Graduate,No,4301,0,118000,360,1,Urban,Y,118000
LP002467,Gavin,Fox,6580 Non St.,Sacramento,CA,91825,Male,Yes,0,Graduate,No,3708,2569,173000,360,1,Urban,N,173000
LP002472,Yen,Rios,5393 Turpis Street,Columbia,MD,62433,Male,No,2,Graduate,No,4354,0,136000,360,1,Rural,Y,136000
LP002473,Adam,Beard,Ap #944-2404 Luctus. Ave,Clarksville,TN,74800,Male,Yes,0,Graduate,No,8334,0,160000,360,1,Semiurban,N,160000
LP002484,Bernard,Swanson,111-6554 Auctor Av.,Iowa City,IA,52936,Male,Yes,3+,Graduate,No,7740,0,128000,180,1,Urban,Y,128000
LP002487,Cassidy,Buck,"P.O. Box 364, 3964 Urna. Rd.",Carson City,NV,82311,Male,Yes,0,Graduate,No,3015,2188,153000,360,1,Rural,Y,153000
LP002489,Joy,Herring,238-5621 Mi St.,Fresno,CA,95094,Female,No,1,Not Graduate,,5191,0,132000,360,1,Semiurban,Y,132000
LP002493,Liberty,Morin,159-860 Duis Street,Frankfort,KY,43094,Male,No,0,Graduate,No,4166,0,98000,360,0,Semiurban,N,98000
LP002494,Chaim,Cherry,8072 Nullam Street,Hartford,CT,62256,Male,No,0,Graduate,No,6000,0,140000,360,1,Rural,Y,140000
LP002500,Elaine,Ramsey,352-1356 Ridiculus Rd.,Davenport,IA,68247,Male,Yes,3+,Not Graduate,No,2947,1664,70000,180,0,Urban,N,70000
LP002501,Rinah,Flowers,Ap #315-2360 Scelerisque Rd.,Norfolk,VA,81920,,Yes,0,Graduate,No,16692,0,110000,360,1,Semiurban,Y,110000
LP002502,Garrison,Jennings,8981 Vitae St.,Springfield,MO,87324,Female,Yes,2,Not Graduate,,210,2917,98000,360,1,Semiurban,Y,98000
LP002505,Hayes,Fox,6845 Cras Rd.,Rutland,VT,34116,Male,Yes,0,Graduate,No,4333,2451,110000,360,1,Urban,N,110000
LP002515,Ingrid,Randolph,152-5239 Sociis Road,Huntsville,AL,35916,Male,Yes,1,Graduate,Yes,3450,2079,162000,360,1,Semiurban,Y,162000
LP002517,Gray,Miller,"1299 Sed, St.",Gary,IN,53072,Male,Yes,1,Not Graduate,No,2653,1500,113000,180,0,Rural,N,113000
LP002519,Finn,Garcia,4158 Scelerisque Road,Lawton,OK,91533,Male,Yes,3+,Graduate,No,4691,0,100000,360,1,Semiurban,Y,100000
LP002524,Gareth,Banks,596-5281 Odio. St.,Overland Park,KS,18537,Male,No,2,Graduate,No,5532,4648,162000,360,1,Rural,Y,162000
LP002527,Carl,Contreras,1214 Lobortis St.,Tucson,AZ,86218,Male,Yes,2,Graduate,Yes,16525,1014,150000,360,1,Rural,Y,150000
LP002529,Wing,Abbott,"P.O. Box 147, 4409 Donec Avenue",Idaho Falls,ID,58100,Male,Yes,2,Graduate,No,6700,1750,230000,300,1,Semiurban,Y,230000
LP002530,Daphne,Patel,"434-6944 Vitae, Road",Allentown,PA,99390,,Yes,2,Graduate,No,2873,1872,132000,360,0,Semiurban,N,132000
LP002531,Simon,Frye,6989 Nulla St.,Columbia,MD,22391,Male,Yes,1,Graduate,Yes,16667,2250,86000,360,1,Semiurban,Y,86000
LP002534,Cedric,Puckett,456-5721 Nonummy Ave,Helena,MT,92429,Female,No,0,Not Graduate,No,4350,0,154000,360,1,Rural,Y,154000
LP002536,Dean,Oliver,"P.O. Box 646, 3068 Nibh Av.",Richmond,VA,67376,Male,Yes,3+,Not Graduate,No,3095,0,113000,360,1,Rural,Y,113000
LP002537,Jolie,Shaffer,Ap #680-4401 Erat Rd.,Norman,OK,39662,Male,Yes,0,Graduate,No,2083,3150,128000,360,1,Semiurban,Y,128000
LP002541,Brenden,Warner,"P.O. Box 827, 5160 Purus. St.",Glendale,AZ,85973,Male,Yes,0,Graduate,No,10833,0,234000,360,1,Semiurban,Y,234000
LP002543,Haley,Cotton,"P.O. Box 572, 2439 Lorem Av.",South Portland,ME,93842,Male,Yes,2,Graduate,No,8333,0,246000,360,1,Semiurban,Y,246000
LP002544,Lucian,Cervantes,Ap #405-7793 Faucibus Road,Carson City,NV,93647,Male,Yes,1,Not Graduate,No,1958,2436,131000,360,1,Rural,Y,131000
LP002545,Preston,Tate,"990-3294 Montes, Rd.",Akron,OH,77796,Male,No,2,Graduate,No,3547,0,80000,360,0,Rural,N,80000
LP002547,Colt,Small,"P.O. Box 132, 1493 Eget Road",Stamford,CT,45769,Male,Yes,1,Graduate,No,18333,0,500000,360,1,Urban,N,500000
LP002555,Jescie,Lynn,5939 Tellus. Avenue,Naperville,IL,27141,Male,Yes,2,Graduate,Yes,4583,2083,160000,360,1,Semiurban,Y,160000
LP002556,Hammett,Logan,"P.O. Box 260, 433 Lobortis Street",Tuscaloosa,AL,35727,Male,No,0,Graduate,No,2435,0,75000,360,1,Urban,N,75000
LP002571,Dora,Hull,Ap #314-7602 Mauris. Ave,Augusta,GA,51362,Male,No,0,Not Graduate,No,3691,0,110000,360,1,Rural,Y,110000
LP002582,Igor,Dickerson,321-7859 Vestibulum Ave,Reading,PA,22367,Female,No,0,Not Graduate,Yes,17263,0,225000,360,1,Semiurban,Y,225000
LP002585,Summer,Cole,238-3665 Consectetuer Street,Cincinnati,OH,69259,Male,Yes,0,Graduate,No,3597,2157,119000,360,0,Rural,N,119000
LP002587,Nerea,Richards,"P.O. Box 504, 6081 Suspendisse Street",Rutland,VT,27142,Male,Yes,0,Not Graduate,No,2600,1700,107000,360,1,Rural,Y,107000
LP002600,Reese,Glenn,Ap #746-8032 Sollicitudin St.,Wyoming,WY,71360,Male,Yes,1,Graduate,Yes,2895,0,95000,360,1,Semiurban,Y,95000
LP002602,Amir,Valdez,929-6488 Phasellus Rd.,Lowell,MA,48653,Male,No,0,Graduate,No,6283,4416,209000,360,0,Rural,N,209000
LP002603,James,Shields,"131-3302 Eu, Ave",Nampa,ID,32943,Female,No,0,Graduate,No,645,3683,113000,480,1,Rural,Y,113000
LP002606,Lillian,Aguirre,530-7137 Nullam Street,Anchorage,AK,99898,Female,No,0,Graduate,No,3159,0,100000,360,1,Semiurban,Y,100000
LP002615,Naomi,Mullen,2507 Nulla Rd.,Tampa,FL,70626,Male,Yes,2,Graduate,No,4865,5624,208000,360,1,Semiurban,Y,208000
LP002619,Elijah,Christian,2850 Lorem Ave,Denver,CO,26961,Male,Yes,0,Not Graduate,No,3814,1483,124000,300,1,Semiurban,Y,124000
LP002622,Phillip,Wilkins,754-3688 Justo St.,Lowell,MA,19149,Male,Yes,2,Graduate,No,3510,4416,243000,360,1,Rural,Y,243000
LP002625,Sigourney,Berry,"P.O. Box 557, 8560 Enim Rd.",Lowell,MA,52633,,No,0,Graduate,No,3583,0,96000,360,1,Urban,N,96000
LP002626,Martena,Blackwell,"P.O. Box 322, 4046 Non Ave",Missoula,MT,72186,Male,Yes,0,Graduate,Yes,2479,3013,188000,360,1,Urban,Y,188000
LP002634,Aiko,Hampton,6120 Metus Av.,Richmond,VA,43364,Female,No,1,Graduate,No,13262,0,40000,360,1,Urban,Y,40000
LP002637,Lisandra,Wilcox,Ap #374-2150 Fringilla St.,Nampa,ID,73285,Male,No,0,Not Graduate,No,3598,1287,100000,360,1,Rural,N,100000
LP002640,Omar,Humphrey,5912 Gravida Road,South Bend,IN,35777,Male,Yes,1,Graduate,No,6065,2004,250000,360,1,Semiurban,Y,250000
LP002643,Lyle,Carey,Ap #409-3787 Suscipit Av.,Augusta,ME,80708,Male,Yes,2,Graduate,No,3283,2035,148000,360,1,Urban,Y,148000
LP002648,Henry,Sanders,579-8353 Venenatis Avenue,Atlanta,GA,25263,Male,Yes,0,Graduate,No,2130,6666,70000,180,1,Semiurban,N,70000
LP002652,Phelan,Bradley,Ap #319-2344 In Road,Worcester,MA,35308,Male,No,0,Graduate,No,5815,3666,311000,360,1,Rural,N,311000
LP002659,Stacy,Pitts,495-7233 Nisi. St.,Warren,MI,76235,Male,Yes,3+,Graduate,No,3466,3428,150000,360,1,Rural,Y,150000
LP002670,Hoyt,Nichols,"P.O. Box 490, 1990 Mauris Rd.",Glendale,AZ,85793,Female,Yes,2,Graduate,No,2031,1632,113000,480,1,Semiurban,Y,113000
LP002682,Tyler,Manning,6884 Pede. Street,Olympia,WA,50181,Male,Yes,,Not Graduate,No,3074,1800,123000,360,0,Semiurban,N,123000
LP002683,Wylie,Barton,Ap #542-8864 Etiam Rd.,Racine,WI,14575,Male,No,0,Graduate,No,4683,1915,185000,360,1,Semiurban,N,185000
LP002684,Brent,Moss,"P.O. Box 760, 7586 Vitae, Ave",Nashville,TN,14000,Female,No,0,Not Graduate,No,3400,0,95000,360,1,Rural,N,95000
LP002689,Nolan,Villarreal,624-2027 Dui. Ave,Jefferson City,MO,47220,Male,Yes,2,Not Graduate,No,2192,1742,45000,360,1,Semiurban,Y,45000
LP002690,Rogan,Peterson,506-6124 Egestas. Street,Overland Park,KS,91234,Male,No,0,Graduate,No,2500,0,55000,360,1,Semiurban,Y,55000
LP002692,Lacota,Reyes,444-3376 Lorem. Road,Nampa,ID,65574,Male,Yes,3+,Graduate,Yes,5677,1424,100000,360,1,Rural,Y,100000
LP002693,Yoshio,Day,"P.O. Box 263, 5608 Blandit. Rd.",Fayetteville,AR,72196,Male,Yes,2,Graduate,Yes,7948,7166,480000,360,1,Rural,Y,480000
LP002699,Yuli,Valdez,Ap #665-3884 Non Rd.,Fairbanks,AK,99684,Male,Yes,2,Graduate,Yes,17500,0,400000,360,1,Rural,Y,400000
LP002705,Cecilia,Giles,"Ap #917-1215 At, Rd.",Augusta,ME,32417,Male,Yes,0,Graduate,No,3775,0,110000,360,1,Semiurban,Y,110000
LP002706,Neve,Ware,8097 Aliquet Av.,Colorado Springs,CO,69247,Male,Yes,1,Not Graduate,No,5285,1430,161000,360,0,Semiurban,Y,161000
LP002714,Bree,Matthews,"P.O. Box 871, 3023 Pharetra Avenue",Springfield,MO,53306,Male,No,1,Not Graduate,No,2679,1302,94000,360,1,Semiurban,Y,94000
LP002716,Louis,Lloyd,1686 Magna St.,Missoula,MT,11896,Male,No,0,Not Graduate,No,6783,0,130000,360,1,Semiurban,Y,130000
LP002720,Clark,Buckley,Ap #111-8075 Mattis Ave,Cleveland,OH,34641,Male,Yes,3+,Graduate,No,4281,0,100000,360,1,Urban,Y,100000
LP002723,Breanna,Potts,2008 Parturient St.,Covington,KY,24171,Male,No,2,Graduate,No,3588,0,110000,360,0,Rural,N,110000
LP002731,Shelly,Bender,"P.O. Box 506, 8705 Eu, Rd.",Fort Worth,TX,51071,Female,No,0,Not Graduate,Yes,18165,0,125000,360,1,Urban,Y,125000
LP002732,Gavin,Kirkland,"P.O. Box 604, 6736 Nascetur Avenue",Grand Island,NE,90793,Male,No,0,Not Graduate,,2550,2042,126000,360,1,Rural,Y,126000
LP002734,Raphael,Elliott,Ap #150-8467 Malesuada Avenue,Eugene,OR,98494,Male,Yes,0,Graduate,No,6133,3906,324000,360,1,Urban,Y,324000
LP002738,Kitra,Ray,"P.O. Box 315, 3852 Ut, Rd.",Orlando,FL,36336,Male,No,2,Graduate,No,3617,0,107000,360,1,Semiurban,Y,107000
LP002739,Sasha,Hampton,"P.O. Box 948, 1756 Ante. St.",Shreveport,LA,37639,Male,Yes,0,Not Graduate,No,2917,536,66000,360,1,Rural,N,66000
LP002740,Brynne,Chaney,955-2370 Orci Av.,Jonesboro,AR,72564,Male,Yes,3+,Graduate,No,6417,0,157000,180,1,Rural,Y,157000
LP002741,Blossom,Whitaker,421-3144 Malesuada St.,Tampa,FL,93262,Female,Yes,1,Graduate,No,4608,2845,140000,180,1,Semiurban,Y,140000
LP002743,Samson,Barton,Ap #453-3398 Sit Av.,Huntsville,AL,36318,Female,No,0,Graduate,No,2138,0,99000,360,0,Semiurban,N,99000
LP002753,Leslie,Mckee,Ap #886-6531 Tempor Ave,Honolulu,HI,69930,Female,No,1,Graduate,,3652,0,95000,360,1,Semiurban,Y,95000
LP002755,Eugenia,Burgess,767 Natoque Avenue,Fort Smith,AR,71122,Male,Yes,1,Not Graduate,No,2239,2524,128000,360,1,Urban,Y,128000
LP002767,Paul,Sampson,"Ap #846-157 Tempus, Street",Broken Arrow,OK,81452,Male,Yes,0,Graduate,No,2768,1950,155000,360,1,Rural,Y,155000
LP002772,Zeph,Park,245-8000 Nunc Av.,Lincoln,NE,19826,Male,No,0,Graduate,No,2526,1783,145000,360,1,Rural,Y,145000
LP002776,Jena,Howell,"P.O. Box 971, 6733 Fringilla Street",Colorado Springs,CO,73359,Female,No,0,Graduate,No,5000,0,103000,360,0,Semiurban,N,103000
LP002777,Mara,Hines,"P.O. Box 631, 8695 Lorem Street",Rochester,MN,26888,Male,Yes,0,Graduate,No,2785,2016,110000,360,1,Rural,Y,110000
LP002785,Felix,Brewer,"Ap #565-6897 Sem, Road",Clarksville,TN,13066,Male,Yes,1,Graduate,No,3333,3250,158000,360,1,Urban,Y,158000
LP002788,May,Nichols,786-6097 Non Road,Allentown,PA,43244,Male,Yes,0,Not Graduate,No,2454,2333,181000,360,0,Urban,N,181000
LP002789,Imani,Vaughan,908 Interdum Road,Nashville,TN,37089,Male,Yes,0,Graduate,No,3593,4266,132000,180,0,Rural,N,132000
LP002792,Vernon,Ruiz,6844 Pharetra Rd.,Colchester,VT,88113,Male,Yes,1,Graduate,No,5468,1032,26000,360,1,Semiurban,Y,26000
LP002795,Clinton,Bennett,9877 Dis Ave,South Portland,ME,14185,Male,Yes,3+,Graduate,Yes,10139,0,260000,360,1,Semiurban,Y,260000
LP002798,Athena,Mercer,"P.O. Box 431, 7261 Elit, Rd.",Tulsa,OK,81577,Male,Yes,0,Graduate,No,3887,2669,162000,360,1,Semiurban,Y,162000
LP002804,Holmes,Williamson,7511 Per St.,Las Vegas,NV,73381,Female,Yes,0,Graduate,No,4180,2306,182000,360,1,Semiurban,Y,182000
LP002807,Cherokee,Fischer,323 Est. Avenue,Gulfport,MS,11612,Male,Yes,2,Not Graduate,No,3675,242,108000,360,1,Semiurban,Y,108000
LP002813,Suki,Carpenter,"P.O. Box 161, 2340 Egestas Rd.",Honolulu,HI,93212,Female,Yes,1,Graduate,Yes,19484,0,600000,360,1,Semiurban,Y,600000
LP002820,Madeson,Richard,295-8521 Arcu. Ave,Madison,WI,99339,Male,Yes,0,Graduate,No,5923,2054,211000,360,1,Rural,Y,211000
LP002821,Alisa,Riley,459-1133 Dapibus Rd.,Iowa City,IA,30823,Male,No,0,Not Graduate,Yes,5800,0,132000,360,1,Semiurban,Y,132000
LP002832,Dominique,Flowers,"P.O. Box 891, 3518 Sociosqu St.",Houston,TX,39843,Male,Yes,2,Graduate,No,8799,0,258000,360,0,Urban,N,258000
LP002836,Hammett,Frazier,813-9130 Vivamus St.,Salem,OR,16517,Male,No,0,Graduate,No,3333,0,70000,360,1,Urban,Y,70000
LP002837,Mollie,Tucker,645-3004 Quis Rd.,Orlando,FL,43432,Male,Yes,3+,Graduate,No,3400,2500,123000,360,0,Rural,N,123000
LP002840,Dennis,Waller,Ap #593-1657 Enim St.,South Burlington,VT,47126,Female,No,0,Graduate,No,2378,0,9000,360,1,Urban,N,9000
LP002841,Adria,Weaver,Ap #283-4084 Non Avenue,Cambridge,MA,52252,Male,Yes,0,Graduate,No,3166,2064,104000,360,0,Urban,N,104000
LP002842,Zachery,Peterson,Ap #485-1343 Ipsum. St.,Rock Springs,WY,96500,Male,Yes,1,Graduate,No,3417,1750,186000,360,1,Urban,Y,186000
LP002847,Helen,Salazar,Ap #685-6985 Erat. Ave,Seattle,WA,48465,Male,Yes,,Graduate,No,5116,1451,165000,360,0,Urban,N,165000
LP002855,Ashely,Lyons,Ap #575-791 Aptent St.,Atlanta,GA,11194,Male,Yes,2,Graduate,No,16666,0,275000,360,1,Urban,Y,275000
LP002862,Brenna,Gutierrez,7820 Aliquet St.,Kansas City,MO,19505,Male,Yes,2,Not Graduate,No,6125,1625,187000,480,1,Semiurban,N,187000
LP002863,Blossom,Phillips,Ap #831-5079 Lacinia Road,Spokane,WA,25824,Male,Yes,3+,Graduate,No,6406,0,150000,360,1,Semiurban,N,150000
LP002872,Igor,Barber,"P.O. Box 904, 8549 A, St.",Rochester,MN,38357,,Yes,0,Graduate,No,3087,2210,136000,360,0,Semiurban,N,136000
LP002874,Reed,Martinez,Ap #105-8684 Id Avenue,Laramie,WY,64870,Male,No,0,Graduate,No,3229,2739,110000,360,1,Urban,Y,110000
LP002877,Candice,Adkins,615-6513 Pharetra St.,Dover,DE,44350,Male,Yes,1,Graduate,No,1782,2232,107000,360,1,Rural,Y,107000
LP002888,Daphne,Hodges,1964 Ornare Rd.,Boise,ID,44543,Male,No,0,Graduate,,3182,2917,161000,360,1,Urban,Y,161000
LP002892,Gareth,Miranda,917-2186 Aliquam Road,Rutland,VT,90954,Male,Yes,2,Graduate,No,6540,0,205000,360,1,Semiurban,Y,205000
LP002893,Melyssa,Ashley,"Ap #212-2089 Nec, Avenue",Orlando,FL,98651,Male,No,0,Graduate,No,1836,33837,90000,360,1,Urban,N,90000
LP002894,Zachary,Bryant,159-641 Ligula St.,West Jordan,UT,90947,Female,Yes,0,Graduate,No,3166,0,36000,360,1,Semiurban,Y,36000
LP002911,Macon,Cash,Ap #692-9175 Purus Av.,Green Bay,WI,42495,Male,Yes,1,Graduate,No,2787,1917,146000,360,0,Rural,N,146000
LP002916,Kiona,Joyce,"P.O. Box 726, 1035 Nam St.",Newark,DE,63284,Male,Yes,0,Graduate,No,2297,1522,104000,360,1,Urban,Y,104000
LP002917,Noble,Atkinson,"P.O. Box 378, 9237 Sed Rd.",Salt Lake City,UT,17122,Female,No,0,Not Graduate,No,2165,0,70000,360,1,Semiurban,Y,70000
LP002925,Buckminster,Zamora,412-3863 Quis Street,Austin,TX,87082,,No,0,Graduate,No,4750,0,94000,360,1,Semiurban,Y,94000
LP002926,Quail,Perez,"P.O. Box 336, 3902 Dui. St.",Waterbury,CT,55232,Male,Yes,2,Graduate,Yes,2726,0,106000,360,0,Semiurban,N,106000
LP002928,Mary,Kramer,"P.O. Box 454, 3264 Odio. Road",Auburn,ME,17828,Male,Yes,0,Graduate,No,3000,3416,56000,180,1,Semiurban,Y,56000
LP002931,Echo,Gallagher,1700 Ullamcorper St.,Memphis,TN,81305,Male,Yes,2,Graduate,Yes,6000,0,205000,240,1,Semiurban,N,205000
LP002933,Tyler,Holmes,4754 Lacus. Av.,Kansas City,KS,42272,,No,3+,Graduate,Yes,9357,0,292000,360,1,Semiurban,Y,292000
LP002936,Uma,Perry,"P.O. Box 482, 8905 Class Av.",Green Bay,WI,49148,Male,Yes,0,Graduate,No,3859,3300,142000,180,1,Rural,Y,142000
LP002938,Caesar,Baxter,"924-527 Ut, Avenue",Juneau,AK,99619,Male,Yes,0,Graduate,Yes,16120,0,260000,360,1,Urban,Y,260000
LP002940,Uma,Cotton,"P.O. Box 205, 8843 Ut Rd.",Wilmington,DE,52702,Male,No,0,Not Graduate,No,3833,0,110000,360,1,Rural,Y,110000
LP002941,Iliana,Joseph,Ap #749-2635 Neque Rd.,Biloxi,MS,73708,Male,Yes,2,Not Graduate,Yes,6383,1000,187000,360,1,Rural,N,187000
LP002943,Hope,Weaver,9224 Vitae Av.,Lawton,OK,79394,Male,No,,Graduate,No,2987,0,88000,360,0,Semiurban,N,88000
LP002945,Jemima,Cohen,Ap #825-6041 Enim. Road,Augusta,GA,64012,Male,Yes,0,Graduate,Yes,9963,0,180000,360,1,Rural,Y,180000
LP002948,Bethany,Dodson,2456 Ante. Road,Rutland,VT,93182,Male,Yes,2,Graduate,No,5780,0,192000,360,1,Urban,Y,192000
LP002950,Nolan,Huber,"P.O. Box 949, 6339 Neque. Ave",New Haven,CT,22469,Male,Yes,0,Not Graduate,,2894,2792,155000,360,1,Rural,Y,155000
LP002953,Keefe,Acosta,"P.O. Box 567, 1531 Proin Avenue",Hillsboro,OR,91523,Male,Yes,3+,Graduate,No,5703,0,128000,360,1,Urban,Y,128000
LP002958,Dane,Fernandez,Ap #674-8766 Nulla. Rd.,Mesa,AZ,85660,Male,No,0,Graduate,No,3676,4301,172000,360,1,Rural,Y,172000
LP002959,Zachary,Mueller,4398 Lacus. Ave,Nampa,ID,94495,Female,Yes,1,Graduate,No,12000,0,496000,360,1,Semiurban,Y,496000
LP002961,Victor,Savage,445-5029 Nulla. St.,Colchester,VT,25209,Male,Yes,1,Graduate,No,3400,2500,173000,360,1,Semiurban,Y,173000
LP002964,Natalie,Merrill,7765 In Road,Tulsa,OK,78285,Male,Yes,2,Not Graduate,No,3987,1411,157000,360,1,Rural,Y,157000
LP002974,Merritt,Carson,6004 Volutpat. Rd.,Carson City,NV,11831,Male,Yes,0,Graduate,No,3232,1950,108000,360,1,Rural,Y,108000
LP002978,Cedric,Russell,8908 Dignissim Ave,Miami,FL,38234,Female,No,0,Graduate,No,2900,0,71000,360,1,Rural,Y,71000
LP002979,Rana,Booth,"P.O. Box 556, 8833 Dolor Street",Hillsboro,OR,50275,Male,Yes,3+,Graduate,No,4106,0,40000,180,1,Rural,Y,40000
LP002983,Sylvia,Ashley,4390 Lectus St.,Des Moines,IA,92265,Male,Yes,1,Graduate,No,8072,240,253000,360,1,Urban,Y,253000
LP002984,Gretchen,Mccoy,"P.O. Box 843, 3041 Id Av.",Omaha,NE,23707,Male,Yes,2,Graduate,No,7583,0,187000,360,1,Urban,Y,187000
LP002990,Adele,Monroe,Ap #603-1933 Aliquet Ave,Grand Island,NE,92587,Female,No,0,Graduate,Yes,4583,0,133000,360,0,Semiurban,N,133000
